scrape_date,reit,macro_market,beds,listing_count,avg_rent,median_rent,avg_sqft,rent_per_sqft,concession_rate,avg_concession_value,sp_count,sp_avg_rent_curr,sp_avg_rent_prev,sp_wow_pct,sp_concession_rate_curr,sp_concession_rate_prev
2026-04-04,AVB,Austin,1.0,58,1372.0689655172414,1367.5,750.6724137931035,1.8277865821447437,1.0,1.5862068965517242,54.0,1380.962962962963,1344.851851851852,0.02685136735424525,1.0,1.0
2026-04-04,AVB,Austin,2.0,65,1874.7076923076922,1970.0,1171.323076923077,1.6005043606178415,1.0,1.676923076923077,60.0,1889.5833333333333,1837.9333333333334,0.028102216257390473,1.0,1.0
2026-04-04,AVB,Austin,3.0,29,2726.8275862068967,2850.0,1809.655172413793,1.5068216463414636,0.7586206896551724,92.6590909090909,28.0,2722.785714285714,2623.6785714285716,0.037774117583000894,0.7857142857142857,1.0
2026-04-04,AVB,Austin,4.0,1,3435.0,3435.0,1866.0,1.8408360128617363,0.0,,1.0,3435.0,3555.0,-0.03375527426160337,0.0,1.0
2026-04-04,AVB,Baltimore,0.0,39,1724.2051282051282,1675.0,558.8205128205128,3.085436358630816,0.8974358974358975,1.40625,32.0,1708.9375,1725.65625,-0.009688343202767064,0.875,1.0
2026-04-04,AVB,Baltimore,1.0,209,2140.1100478468898,2120.0,758.9904306220096,2.819679881988791,0.8325358851674641,88.41101694915254,182.0,2156.0274725274726,2161.7417582417584,-0.002643371111512165,0.8461538461538461,0.989010989010989
2026-04-04,AVB,Baltimore,2.0,167,2611.8443113772455,2580.0,1120.3652694610778,2.3312435529473388,0.8562874251497006,219.25,153.0,2613.450980392157,2613.6143790849674,-6.25182865988313e-05,0.869281045751634,0.9869281045751634
2026-04-04,AVB,Baltimore,3.0,33,2900.969696969697,2950.0,1373.6363636363637,2.1118905801897196,0.6060606060606061,295.11764705882354,31.0,2918.451612903226,2956.1290322580644,-0.012745525971191565,0.6451612903225806,0.8064516129032258
2026-04-04,AVB,Boston,0.0,55,2975.3636363636365,3015.0,530.9272727272727,5.604088901065032,0.7818181818181819,613.1627906976744,45.0,2987.1111111111113,2968.3555555555554,0.006318500329400617,0.8,0.9555555555555556
2026-04-04,AVB,Boston,1.0,309,2947.42071197411,2740.0,787.4660194174758,3.742917966358028,0.7799352750809061,497.4273858921162,272.0,2942.8786764705883,2957.4963235294117,-0.004942574887592435,0.7830882352941176,0.8088235294117647
2026-04-04,AVB,Boston,2.0,302,3674.3675496688743,3477.5,1179.291390728477,3.115741858675936,0.8410596026490066,486.601593625498,256.0,3650.4609375,3636.484375,0.003843427073710443,0.8359375,0.84375
2026-04-04,AVB,Boston,3.0,44,5035.931818181818,4655.0,1545.840909090909,3.2577296852257525,0.8409090909090909,284.31081081081084,37.0,5076.918918918919,5135.189189189189,-0.011347248976326508,0.8378378378378378,0.8378378378378378
2026-04-04,AVB,Charlotte,0.0,31,1534.516129032258,1545.0,607.483870967742,2.526019541206457,1.0,17.822580645161292,28.0,1539.8214285714287,1541.7857142857142,-0.001274032893212774,1.0,1.0
2026-04-04,AVB,Charlotte,1.0,277,1632.1985559566788,1650.0,796.3393501805054,2.049626902885949,1.0,14.021660649819495,269.0,1633.9553903345725,1638.6951672862454,-0.002892409184023014,1.0,1.0
2026-04-04,AVB,Charlotte,2.0,232,2074.521551724138,2250.0,1235.6939655172414,1.678831174720334,1.0,4.189655172413793,223.0,2087.035874439462,2087.9551569506725,-0.0004402788575943339,1.0,1.0
2026-04-04,AVB,Charlotte,3.0,67,2618.7462686567164,2545.0,1690.8955223880596,1.5487333392179363,1.0,12.313432835820896,66.0,2619.257575757576,2620.318181818182,-0.00040476231778465696,1.0,1.0
2026-04-04,AVB,Dallas/Fort Worth,1.0,178,1397.2696629213483,1350.0,760.8595505617977,1.8364357283675323,0.7584269662921348,89.85185185185185,155.0,1398.7548387096774,1402.2387096774194,-0.00248450634239259,0.7741935483870968,0.967741935483871
2026-04-04,AVB,Dallas/Fort Worth,2.0,113,1871.283185840708,1760.0,1162.3893805309735,1.6098591549295773,0.7610619469026548,163.62209302325581,98.0,1860.5102040816328,1868.8775510204082,-0.0044772044772044325,0.7448979591836735,0.9693877551020408
2026-04-04,AVB,Dallas/Fort Worth,3.0,23,2305.217391304348,2170.0,1499.5652173913043,1.5372571759930416,0.8260869565217391,80.0,19.0,2255.5263157894738,2272.1052631578946,-0.007296733842946386,0.8421052631578947,1.0
2026-04-04,AVB,Denver,0.0,33,1546.060606060606,1515.0,583.0,2.6519049846665625,0.8181818181818182,298.51851851851853,30.0,1552.5,1549.1666666666667,0.002151694459386718,0.8666666666666667,0.9333333333333333
2026-04-04,AVB,Denver,1.0,128,1737.328125,1692.5,733.46875,2.368646414724554,0.6015625,1304.9545454545455,107.0,1739.6261682242991,1736.9158878504672,0.0015603981705677294,0.5887850467289719,0.8691588785046729
2026-04-04,AVB,Denver,2.0,86,2226.1744186046512,2180.0,1105.593023255814,2.0135568620439415,0.5348837209302325,871.3152173913044,65.0,2236.6153846153848,2247.230769230769,-0.0047237625795849905,0.5384615384615384,0.8153846153846154
2026-04-04,AVB,Denver,3.0,9,2586.222222222222,2540.0,1333.6666666666667,1.9391818711988669,0.6666666666666666,2.0833333333333335,8.0,2592.0,2602.625,-0.0040824167907401185,0.75,1.0
2026-04-04,AVB,Los Angeles,0.0,82,1938.5487804878048,1852.5,438.6951219512195,4.418897506463181,0.9390243902439024,720.0774647887324,75.0,1945.28,1957.4,-0.006191887197302604,0.9333333333333333,0.8133333333333334
2026-04-04,AVB,Los Angeles,1.0,309,2601.4239482200646,2625.0,717.9644012944984,3.623332777404654,0.7637540453074434,383.5775,266.0,2597.8533834586465,2605.2927756653994,-0.002855491818900425,0.7593984962406015,0.6806083650190115
2026-04-04,AVB,Los Angeles,2.0,282,3193.7198581560283,3092.5,1038.836879432624,3.074322755946367,0.74822695035461,370.9488636363636,248.0,3184.6491935483873,3190.3958333333335,-0.001801230971061694,0.7620967741935484,0.725
2026-04-04,AVB,Los Angeles,3.0,23,4270.826086956522,4160.0,1397.2173913043478,3.0566654219566844,0.6086956521739131,110.4090909090909,20.0,4228.7,4265.75,-0.008685459766746804,0.7,0.6
2026-04-04,AVB,Los Angeles,4.0,1,5120.0,5120.0,1277.0,4.009397024275646,0.0,,1.0,5120.0,5120.0,0.0,0.0,0.0
2026-04-04,AVB,Miami/Fort Lauderdale,0.0,21,2287.3809523809523,2250.0,559.3333333333334,4.0894772688574825,0.7142857142857143,480.0,16.0,2287.5,2268.125,0.008542298153761367,0.6875,1.0
2026-04-04,AVB,Miami/Fort Lauderdale,1.0,136,2739.9338235294117,2672.5,804.2426470588235,3.4068497033197107,0.7426470588235294,744.4356435643564,116.0,2811.862068965517,2811.0,0.00030667697101288157,0.7758620689655172,0.8879310344827587
2026-04-04,AVB,Miami/Fort Lauderdale,2.0,158,3439.9303797468356,2932.5,1162.4240506329113,2.9592732341299013,0.620253164556962,684.6326530612245,137.0,3500.197080291971,3517.401459854015,-0.004891218633530082,0.6277372262773723,0.8175182481751825
2026-04-04,AVB,Miami/Fort Lauderdale,3.0,30,3948.2,3540.0,1404.8666666666666,2.8103734636738955,0.5,71.4,20.0,3845.5,3860.25,-0.003820996049478661,0.5,0.7
2026-04-04,AVB,New York,0.0,93,3230.7311827956987,3090.0,542.505376344086,5.955205835133689,0.6129032258064516,103.58653846153847,78.0,3249.6153846153848,3245.423076923077,0.0012917599933634132,0.6666666666666666,0.717948717948718
2026-04-04,AVB,New York,1.0,641,3351.4960998439938,2943.0,786.7238689547582,4.2600666283289375,0.6505460218408736,77.22486033519553,564.0,3338.196808510638,3328.095744680851,0.0030350881118523087,0.6808510638297872,0.7570921985815603
2026-04-04,AVB,New York,2.0,546,3871.3516483516482,3587.5,1183.989010989011,3.269753023398272,0.7032967032967034,29.05211267605634,493.0,3850.257606490872,3840.967545638945,0.002418677258149479,0.742393509127789,0.8498985801217038
2026-04-04,AVB,New York,3.0,64,4740.640625,4555.0,1482.171875,3.198441897974889,0.5,37.34615384615385,53.0,4789.188679245283,4800.377358490566,-0.002330791604433485,0.5283018867924528,0.5471698113207547
2026-04-04,AVB,Orange County,0.0,18,2377.9444444444443,2335.0,469.77777777777777,5.061849574266793,0.6666666666666666,50.0,11.0,2440.0,2462.7272727272725,-0.009228497600590541,0.7272727272727273,0.7272727272727273
2026-04-04,AVB,Orange County,1.0,141,2660.177304964539,2670.0,699.7872340425532,3.8014087361913447,0.75177304964539,285.56666666666666,122.0,2674.1147540983607,2679.655737704918,-0.0020677968175505674,0.7295081967213115,0.7295081967213115
2026-04-04,AVB,Orange County,2.0,89,3438.4157303370785,3510.0,1045.5955056179776,3.2884760042124266,0.5056179775280899,429.3157894736842,72.0,3472.2361111111113,3483.597222222222,-0.0032613159290164695,0.4444444444444444,0.4444444444444444
2026-04-04,AVB,Orange County,3.0,2,4355.0,4355.0,1480.0,2.9425675675675675,0.5,1000.0,1.0,4805.0,4805.0,0.0,1.0,1.0
2026-04-04,AVB,Raleigh/Durham,0.0,14,1665.0,1672.5,639.2857142857143,2.6044692737430166,1.0,215.85714285714286,10.0,1675.5,1680.0,-0.0026785714285714286,1.0,1.0
2026-04-04,AVB,Raleigh/Durham,1.0,35,1708.6857142857143,1830.0,757.9714285714285,2.2542877605639116,1.0,202.77142857142857,30.0,1704.3,1711.8,-0.004381352961794602,1.0,1.0
2026-04-04,AVB,Raleigh/Durham,2.0,38,2300.342105263158,2622.5,1179.4736842105262,1.9503123605533246,1.0,2.5921052631578947,34.0,2254.6470588235293,2254.6470588235293,0.0,1.0,1.0
2026-04-04,AVB,Raleigh/Durham,3.0,15,3404.133333333333,4335.0,1815.2,1.8753489055384163,1.0,1.6,12.0,3159.75,3145.5833333333335,0.004503669165761469,1.0,1.0
2026-04-04,AVB,Raleigh/Durham,4.0,3,2775.0,2775.0,2386.0,1.1630343671416596,1.0,1.0,3.0,2775.0,2755.0,0.007259528130671506,1.0,1.0
2026-04-04,AVB,San Diego,0.0,9,2215.222222222222,2210.0,411.1111111111111,5.388378378378379,1.0,75.0,9.0,2215.222222222222,2219.1111111111113,-0.001752453434808846,1.0,1.0
2026-04-04,AVB,San Diego,1.0,34,2631.8823529411766,2666.5,665.0,3.957717823971694,0.7941176470588235,404.037037037037,29.0,2627.448275862069,2634.9655172413795,-0.002852880362237417,0.8275862068965517,0.8275862068965517
2026-04-04,AVB,San Diego,2.0,33,3243.181818181818,3250.0,1012.3636363636364,3.2035739942528734,0.7878787878787878,262.88461538461536,29.0,3262.9310344827586,3280.689655172414,-0.005413075467731816,0.7586206896551724,0.7586206896551724
2026-04-04,AVB,San Diego,3.0,5,3605.2,3672.0,1350.0,2.6705185185185183,0.0,,4.0,3652.75,3645.5,0.00198875325744068,0.0,1.0
2026-04-04,AVB,San Francisco,0.0,5,3010.6,2728.0,500.8,6.011581469648562,0.0,,5.0,3010.6,3026.6,-0.005286460054186216,0.0,0.4
2026-04-04,AVB,San Francisco,1.0,30,3737.6666666666665,3477.5,713.3,5.239964484321697,0.06666666666666667,100.0,22.0,3929.181818181818,3940.3636363636365,-0.00283776301218169,0.09090909090909091,0.36363636363636365
2026-04-04,AVB,San Francisco,2.0,23,5022.869565217391,4845.0,988.304347826087,5.0823105010778225,0.043478260869565216,100.0,12.0,4999.75,5022.083333333333,-0.004447025636770868,0.08333333333333333,0.16666666666666666
2026-04-04,AVB,San Francisco,3.0,1,4765.0,4765.0,1300.0,3.6653846153846152,0.0,,,,,,,
2026-04-04,AVB,San Francisco-East Bay,0.0,15,2430.3333333333335,2440.0,600.1333333333333,4.04965563208176,0.4666666666666667,1.0,13.0,2425.0,2453.076923076923,-0.011445594230166112,0.38461538461538464,0.7692307692307693
2026-04-04,AVB,San Francisco-East Bay,1.0,125,2590.928,2515.0,710.0,3.649194366197183,0.584,451.57462686567163,106.0,2582.8396226415093,2591.4150943396226,-0.0033091848993410853,0.5660377358490566,0.7735849056603774
2026-04-04,AVB,San Francisco-East Bay,2.0,79,3443.1012658227846,3420.0,1082.379746835443,3.1810473873789586,0.46835443037974683,309.80882352941177,60.0,3403.0,3406.4166666666665,-0.0010030090270811993,0.5166666666666667,0.6666666666666666
2026-04-04,AVB,San Francisco-East Bay,3.0,8,4508.75,4532.5,1376.5,3.2755176171449327,0.25,1.0,7.0,4555.0,4563.571428571428,-0.001878228204726846,0.2857142857142857,0.5714285714285714
2026-04-04,AVB,San Jose,0.0,16,2272.625,2237.5,405.0,5.61141975308642,0.0,,11.0,2321.090909090909,2340.181818181818,-0.008157874291041842,0.0,0.7272727272727273
2026-04-04,AVB,San Jose,1.0,87,3123.390804597701,3045.0,735.3103448275862,4.247717751516288,0.45977011494252873,28.033333333333335,74.0,3126.824324324324,3133.175675675676,-0.0020271290246060055,0.43243243243243246,0.5
2026-04-04,AVB,San Jose,2.0,71,4016.605633802817,3720.0,1054.8591549295775,3.8077174711262436,0.5352112676056338,65.48148148148148,59.0,3981.1186440677966,3992.4745762711864,-0.0028443342559730904,0.5423728813559322,0.5423728813559322
2026-04-04,AVB,San Jose,3.0,7,4843.142857142857,4653.0,1407.142857142857,3.4418274111675125,0.42857142857142855,100.0,5.0,4747.0,4764.0,-0.003568429890848027,0.4,0.2
2026-04-04,AVB,Seattle,0.0,49,2035.795918367347,2095.0,528.3469387755102,3.853142261192012,0.6938775510204082,51.69117647058823,41.0,2008.1951219512196,2045.2926829268292,-0.018138020678059034,0.6829268292682927,0.6829268292682927
2026-04-04,AVB,Seattle,1.0,138,2417.6159420289855,2360.0,734.4927536231884,3.2915449881610104,0.6884057971014492,59.078947368421055,120.0,2429.0583333333334,2469.5583333333334,-0.016399693602432285,0.6916666666666667,0.6916666666666667
2026-04-04,AVB,Seattle,2.0,124,3288.766129032258,3247.5,1103.6129032258063,2.979999707704899,0.782258064516129,71.30412371134021,106.0,3286.4622641509436,3315.198113207547,-0.008667913070450175,0.7924528301886793,0.7924528301886793
2026-04-04,AVB,Seattle,3.0,27,4270.074074074074,4340.0,1508.7777777777778,2.830154405086285,0.7037037037037037,61.23684210526316,23.0,4410.260869565217,4448.304347826087,-0.008552355074234531,0.6956521739130435,0.6956521739130435
2026-04-04,AVB,"Washington, DC",0.0,35,1960.1714285714286,1975.0,548.3428571428572,3.5747186327636515,0.8571428571428571,1.2666666666666666,27.0,2007.888888888889,1970.6666666666667,0.01888813712223723,0.9629629629629629,1.0
2026-04-04,AVB,"Washington, DC",1.0,316,2259.1487341772154,2235.0,756.370253164557,2.9868291682879176,0.6550632911392406,66.15030674846626,259.0,2259.254826254826,2250.8185328185327,0.003748100219225275,0.6718146718146718,0.8725868725868726
2026-04-04,AVB,"Washington, DC",2.0,243,2824.267489711934,2715.0,1095.3621399176955,2.5783869889132256,0.7160493827160493,91.53389830508475,205.0,2800.190243902439,2803.960975609756,-0.0013447875131348036,0.7170731707317073,0.8780487804878049
2026-04-04,AVB,"Washington, DC",3.0,37,3478.810810810811,3440.0,1372.2702702702702,2.535077007917438,0.6756756756756757,53.06818181818182,32.0,3532.21875,3554.6875,-0.006320879120879121,0.65625,1.0
2026-04-04,CPT,Atlanta,0.0,10,1394.0,1359.0,649.7,2.1456056641526855,0.0,,10.0,1394.0,1404.0,-0.007122507122507123,0.0,0.0
2026-04-04,CPT,Atlanta,1.0,145,1609.551724137931,1529.0,822.1172413793104,1.9578128801161003,0.12413793103448276,440.0,125.0,1612.68,1612.36,0.0001984668436330371,0.112,0.112
2026-04-04,CPT,Atlanta,2.0,125,1983.96,1789.0,1201.944,1.6506259859028374,0.216,440.0,109.0,1986.7981651376147,1995.3302752293578,-0.004276039008510691,0.22018348623853212,0.22018348623853212
2026-04-04,CPT,Atlanta,3.0,28,2157.5714285714284,1979.0,1496.357142857143,1.4418826674304261,0.5714285714285714,440.0,24.0,2186.9166666666665,2178.1666666666665,0.004017139796464917,0.5416666666666666,0.5416666666666666
2026-04-04,CPT,Austin,0.0,2,1649.0,1649.0,522.0,3.1590038314176243,0.0,,2.0,1649.0,1649.0,0.0,0.0,0.0
2026-04-04,CPT,Austin,1.0,186,1283.731182795699,1199.0,763.9032258064516,1.6804892811395915,0.05913978494623656,1.5,164.0,1262.841463414634,1266.6829268292684,-0.00303269534409069,0.06707317073170732,0.06707317073170732
2026-04-04,CPT,Austin,2.0,79,1653.1772151898733,1549.0,1123.2151898734178,1.471825906642324,0.02531645569620253,1.5,65.0,1658.6923076923076,1664.3846153846155,-0.0034200674770070733,0.015384615384615385,0.015384615384615385
2026-04-04,CPT,Austin,3.0,10,1779.0,1774.0,1257.4,1.414824240496262,0.4,1.5,10.0,1779.0,1758.0,0.011945392491467578,0.4,0.4
2026-04-04,CPT,Charlotte,0.0,22,1445.8181818181818,1399.0,627.3636363636364,2.304593537168526,0.0,,20.0,1449.5,1454.5,-0.0034376074252320385,0.0,0.0
2026-04-04,CPT,Charlotte,1.0,106,1518.3396226415093,1489.0,750.1509433962265,2.024045475124503,0.0,,93.0,1521.5806451612902,1532.763440860215,-0.0072958392670488025,0.0,0.0
2026-04-04,CPT,Charlotte,2.0,110,1855.090909090909,1804.0,1128.6454545454546,1.6436436275181028,0.0,,101.0,1863.0594059405942,1891.970297029703,-0.015280837724829771,0.0,0.0
2026-04-04,CPT,Charlotte,3.0,19,2147.4210526315787,1939.0,1417.2631578947369,1.5151886512180628,0.0,,16.0,2152.125,2142.125,0.004668261656065822,0.0,0.0
2026-04-04,CPT,Dallas/Fort Worth,0.0,24,1195.25,1189.0,553.2083333333334,2.1605784439255853,0.0,,21.0,1198.047619047619,1205.6666666666667,-0.006319364903827237,0.0,0.0
2026-04-04,CPT,Dallas/Fort Worth,1.0,259,1478.1505791505792,1449.0,796.7606177606177,1.8552003527798375,0.10810810810810811,1.0,239.0,1479.1673640167364,1482.3891213389122,-0.0021733546717246947,0.10460251046025104,0.10460251046025104
2026-04-04,CPT,Dallas/Fort Worth,2.0,135,1922.037037037037,1749.0,1190.3407407407408,1.6146948275003732,0.1037037037037037,1.0,118.0,1931.1186440677966,1927.7288135593221,0.0017584581838643277,0.11016949152542373,0.11016949152542373
2026-04-04,CPT,Dallas/Fort Worth,3.0,6,2472.3333333333335,2424.0,1629.6666666666667,1.5170791572918798,0.0,,6.0,2472.3333333333335,2452.3333333333335,0.008155498165012912,0.0,0.0
2026-04-04,CPT,Denver,0.0,8,1332.75,1309.0,559.875,2.380442062960482,0.0,,8.0,1332.75,1344.0,-0.008370535714285714,0.0,0.0
2026-04-04,CPT,Denver,1.0,110,1735.8181818181818,1689.0,805.5909090909091,2.1547142131693278,0.0,,99.0,1743.040404040404,1722.939393939394,0.011666695979973052,0.0,0.0
2026-04-04,CPT,Denver,2.0,48,2251.0833333333335,2194.0,1169.3125,1.925134070946247,0.0,,37.0,2248.189189189189,2254.945945945946,-0.0029964162861217548,0.0,0.0
2026-04-04,CPT,Denver,3.0,4,2499.0,2499.0,1329.0,1.8803611738148984,0.0,,4.0,2499.0,2579.0,-0.031019775106630478,0.0,0.0
2026-04-04,CPT,Houston,0.0,19,1421.1052631578948,1469.0,602.5263157894736,2.358577917540182,0.631578947368421,172.25,16.0,1419.0,1447.75,-0.019858400967017787,0.625,0.625
2026-04-04,CPT,Houston,1.0,397,1397.816120906801,1309.0,784.176322418136,1.7825278332765853,0.5541561712846348,309.8181818181818,340.0,1387.9411764705883,1400.3529411764705,-0.008863311770141876,0.5617647058823529,0.5911764705882353
2026-04-04,CPT,Houston,2.0,262,1886.671755725191,1629.0,1195.9656488549617,1.5775300549238376,0.5877862595419847,239.23876363636364,229.0,1908.8689956331878,1915.113537117904,-0.003260663852918968,0.6026200873362445,0.6462882096069869
2026-04-04,CPT,Houston,3.0,47,2881.127659574468,2539.0,1686.127659574468,1.7087245103977389,0.8085106382978723,58.15183157894737,43.0,2935.046511627907,2945.046511627907,-0.0033955321114682124,0.813953488372093,0.813953488372093
2026-04-04,CPT,Inland Empire,1.0,21,2135.9523809523807,2099.0,785.7619047619048,2.718320101812011,0.0,,19.0,2124.5789473684213,2114.315789473684,0.004854127252813029,0.0,0.0
2026-04-04,CPT,Inland Empire,2.0,7,2473.5714285714284,2479.0,1163.857142857143,2.125322204492451,0.0,,7.0,2473.5714285714284,2496.4285714285716,-0.009155937052932864,0.0,0.0
2026-04-04,CPT,Inland Empire,3.0,2,2875.0,2875.0,1380.0,2.0833333333333335,0.0,,2.0,2875.0,2875.0,0.0,0.0,0.0
2026-04-04,CPT,Los Angeles,0.0,7,2400.4285714285716,2369.0,633.8571428571429,3.787018255578093,0.0,,6.0,2409.0,2360.6666666666665,0.020474442247952623,0.0,0.0
2026-04-04,CPT,Los Angeles,1.0,28,2702.214285714286,2704.0,791.6785714285714,3.413271980872468,0.0,,24.0,2748.3333333333335,2747.0833333333335,0.0004550280600637039,0.0,0.0
2026-04-04,CPT,Los Angeles,2.0,20,3414.75,2997.0,1096.15,3.1152214569173924,0.0,,15.0,3452.6666666666665,3459.3333333333335,-0.0019271535941415407,0.0,0.0
2026-04-04,CPT,Miami/Fort Lauderdale,0.0,5,2367.0,2519.0,665.4,3.557258791704238,1.0,500.0,5.0,2367.0,2367.0,0.0,1.0,1.0
2026-04-04,CPT,Miami/Fort Lauderdale,1.0,59,2475.9491525423728,2459.0,814.9322033898305,3.038227158336973,0.4745762711864407,500.0,51.0,2459.9803921568628,2464.6862745098038,-0.0019093230654181057,0.47058823529411764,0.47058823529411764
2026-04-04,CPT,Miami/Fort Lauderdale,2.0,87,2777.6206896551726,2839.0,1125.6896551724137,2.4674835349977027,0.8620689655172413,500.0,75.0,2773.266666666667,2771.266666666667,0.0007216916452163872,0.88,0.88
2026-04-04,CPT,Miami/Fort Lauderdale,3.0,19,3131.1052631578946,3149.0,1452.7368421052631,2.155314832258532,1.0,500.0,17.0,3121.3529411764707,3125.470588235294,-0.0013174486665537082,1.0,1.0
2026-04-04,CPT,Nashville,0.0,28,1371.857142857143,1329.0,564.0357142857143,2.432216804913569,1.0,1.7857142857142858,27.0,1365.2962962962963,1351.962962962963,0.009862203106593921,1.0,1.0
2026-04-04,CPT,Nashville,1.0,41,1921.9268292682927,1759.0,781.780487804878,2.4583970299191966,0.7560975609756098,1.2580645161290323,37.0,1915.4864864864865,1923.5945945945946,-0.004215081561828231,0.7567567567567568,0.7567567567567568
2026-04-04,CPT,Nashville,2.0,25,3046.2,2429.0,1300.48,2.342365895669291,0.52,1.3076923076923077,19.0,3046.8947368421054,3044.7894736842104,0.0006914314359303289,0.5263157894736842,0.5263157894736842
2026-04-04,CPT,Nashville,3.0,6,2675.6666666666665,2479.0,1413.1666666666667,1.8933836537327513,1.0,1.8333333333333333,5.0,2715.0,2743.0,-0.01020780167699599,1.0,1.0
2026-04-04,CPT,Orange County,1.0,13,2759.153846153846,2789.0,880.0769230769231,3.1351280482475308,0.0,,11.0,2791.7272727272725,2808.3636363636365,-0.005923863783503938,0.0,0.0
2026-04-04,CPT,Orange County,2.0,14,3232.4285714285716,3223.0,1192.142857142857,2.711443978430198,0.0,,10.0,3247.2,3347.1,-0.029846732992740013,0.0,0.0
2026-04-04,CPT,Orlando,0.0,11,1592.6363636363637,1569.0,673.4545454545455,2.364875809935205,1.0,500.0,9.0,1575.6666666666667,1595.6666666666667,-0.012533946104031753,1.0,1.0
2026-04-04,CPT,Orlando,1.0,115,1691.608695652174,1589.0,776.9826086956522,2.1771512987812387,1.0,500.0,101.0,1699.8910891089108,1696.5247524752476,0.001984254358064434,1.0,1.0
2026-04-04,CPT,Orlando,2.0,84,2001.142857142857,1934.0,1101.0714285714287,1.8174505351929937,1.0,500.0,75.0,1981.1333333333334,1979.8,0.0006734687005422188,1.0,1.0
2026-04-04,CPT,Orlando,3.0,27,2391.5925925925926,2219.0,1313.5185185185185,1.8207528549273932,1.0,500.0,23.0,2345.086956521739,2354.6521739130435,-0.0040622634193179675,1.0,1.0
2026-04-04,CPT,Orlando,4.0,2,2389.0,2389.0,1403.0,1.7027797576621526,1.0,500.0,1.0,2389.0,2289.0,0.043687199650502405,1.0,1.0
2026-04-04,CPT,Phoenix,0.0,11,1606.2727272727273,1639.0,593.2727272727273,2.7074777811829605,0.18181818181818182,330.0,11.0,1606.2727272727273,1617.1818181818182,-0.006745741750520035,0.18181818181818182,0.18181818181818182
2026-04-04,CPT,Phoenix,1.0,120,1620.3333333333333,1629.0,801.3416666666667,2.022025561298239,0.35833333333333334,330.0,105.0,1623.7619047619048,1625.857142857143,-0.0012886975368303765,0.3619047619047619,0.3619047619047619
2026-04-04,CPT,Phoenix,2.0,139,1959.7913669064749,1989.0,1120.8776978417266,1.7484435373101759,0.2446043165467626,330.0,122.0,1973.344262295082,1978.4262295081967,-0.0025686917901295648,0.22950819672131148,0.22950819672131148
2026-04-04,CPT,Phoenix,3.0,11,2517.181818181818,2419.0,1363.3636363636363,1.8463025938521038,0.6363636363636364,330.0,10.0,2530.0,2543.0,-0.005112072355485647,0.6,0.6
2026-04-04,CPT,Raleigh/Durham,0.0,26,1377.8461538461538,1399.0,681.3076923076923,2.0223551992774076,1.0,15.090909090909092,23.0,1371.608695652174,1406.8260869565217,-0.02503322310473772,1.0,1.0
2026-04-04,CPT,Raleigh/Durham,1.0,163,1625.5030674846626,1739.0,783.4723926380368,2.0747419854979405,0.6993865030674846,44.12244897959184,151.0,1639.0,1646.8145695364237,-0.004745263784388017,0.7152317880794702,0.7152317880794702
2026-04-04,CPT,Raleigh/Durham,2.0,135,1824.3333333333333,1579.0,1125.651851851852,1.620690562834374,0.32592592592592595,36.758620689655174,119.0,1843.7899159663866,1837.235294117647,0.003567655090083317,0.35294117647058826,0.35294117647058826
2026-04-04,CPT,Raleigh/Durham,3.0,27,1848.6296296296296,1739.0,1347.1851851851852,1.3722164183207786,0.037037037037037035,2.0,23.0,1796.8260869565217,1805.0869565217392,-0.004576438567333918,0.0,0.0
2026-04-04,CPT,San Diego,1.0,24,2670.0833333333335,2516.5,783.7916666666666,3.406623783956196,0.0,,20.0,2625.85,2647.5,-0.008177525967894275,0.0,0.0
2026-04-04,CPT,San Diego,2.0,15,3119.266666666667,3094.0,1018.2666666666667,3.063310200340448,0.0,,12.0,3116.75,3101.9166666666665,0.00478198963006748,0.0,0.0
2026-04-04,CPT,San Diego,3.0,7,3610.4285714285716,3347.0,1335.7142857142858,2.7029946524064172,0.0,,4.0,3347.0,3489.0,-0.040699340785325305,0.0,0.0
2026-04-04,CPT,Tampa,0.0,1,2479.0,2479.0,607.0,4.0840197693574956,1.0,500.0,1.0,2479.0,2299.0,0.078294910830796,1.0,1.0
2026-04-04,CPT,Tampa,1.0,104,1916.8846153846155,1819.0,779.2788461538462,2.459818619285582,1.0,437.625,89.0,1916.0786516853932,1915.741573033708,0.00017595204720199985,1.0,1.0
2026-04-04,CPT,Tampa,2.0,94,2401.127659574468,2009.0,1122.1702127659576,2.1397178719047436,1.0,436.29787234042556,90.0,2409.0,2403.777777777778,0.002172506240177477,1.0,1.0
2026-04-04,CPT,Tampa,3.0,34,2870.470588235294,2549.0,1355.0588235294117,2.1183365167563815,1.0,382.5882352941176,32.0,2825.25,2861.8125,-0.012775994234423115,1.0,1.0
2026-04-04,CPT,"Washington, DC",0.0,42,1847.5238095238096,1779.0,526.7619047619048,3.5073223648526484,0.0,,34.0,1830.3529411764705,1828.8823529411766,0.0008040912161074455,0.0,0.0
2026-04-04,CPT,"Washington, DC",1.0,84,2147.8928571428573,2079.0,756.8571428571429,2.837910532276331,0.0,,76.0,2133.9605263157896,2165.934210526316,-0.014762075438457907,0.0,0.0
2026-04-04,CPT,"Washington, DC",2.0,72,2743.7361111111113,2589.0,1159.0694444444443,2.367188717002385,0.0,,61.0,2694.098360655738,2730.1639344262294,-0.013210039630118773,0.0,0.0
2026-04-04,CPT,"Washington, DC",3.0,5,2935.0,3059.0,1322.0,2.2201210287443267,0.0,,3.0,2955.6666666666665,2992.3333333333335,-0.012253536816308445,0.0,0.0
2026-04-04,EQR,Atlanta,0.0,33,1475.5151515151515,1465.0,627.0,2.353293702575999,0.6060606060606061,1.2,,,,,,
2026-04-04,EQR,Atlanta,1.0,219,1620.5844748858447,1560.0,766.5159817351598,2.1142213776382492,0.6712328767123288,1.2692307692307692,,,,,,
2026-04-04,EQR,Atlanta,2.0,171,1952.561403508772,1880.0,1143.3976608187133,1.707683573631477,0.5263157894736842,1.1626506024096386,,,,,,
2026-04-04,EQR,Atlanta,3.0,16,2509.0625,2390.0,1412.5625,1.776248838546967,0.4375,1.75,,,,,,
2026-04-04,EQR,Austin,0.0,10,1113.4,1020.0,493.2,2.2575020275750206,0.9,1.2777777777777777,5.0,1196.0,1200.0,-0.0033333333333333335,1.0,1.0
2026-04-04,EQR,Austin,1.0,30,1366.5,1257.5,594.8,2.297410894418292,0.9666666666666667,1.3620689655172413,26.0,1354.423076923077,1346.7307692307693,0.0057118377838068874,0.9615384615384616,0.9615384615384616
2026-04-04,EQR,Austin,2.0,7,1782.5714285714287,1595.0,1055.7142857142858,1.6884979702300407,0.8571428571428571,1.6666666666666667,5.0,1650.6,1662.6,-0.007217610970768676,0.8,0.8
2026-04-04,EQR,Boston,0.0,51,2893.8823529411766,2862.0,602.6666666666666,4.8017959396147845,0.35294117647058826,400.9,35.0,2920.4285714285716,2953.4285714285716,-0.011173454580632678,0.42857142857142855,0.42857142857142855
2026-04-04,EQR,Boston,1.0,224,3143.2366071428573,3110.0,768.5267857142857,4.089950624455417,0.44642857142857145,185.05747126436782,180.0,3142.677777777778,3168.6222222222223,-0.008187926052683224,0.4722222222222222,0.4722222222222222
2026-04-04,EQR,Boston,2.0,149,3877.308724832215,3670.0,1125.2281879194632,3.4457977203728998,0.35570469798657717,163.44594594594594,123.0,3861.967479674797,3884.243902439024,-0.005735073111716648,0.3821138211382114,0.3821138211382114
2026-04-04,EQR,Boston,3.0,16,5225.8125,5182.5,1357.6875,3.8490539980665655,0.4375,1.25,12.0,5420.166666666667,5443.916666666667,-0.004362667809634607,0.5,0.5
2026-04-04,EQR,Boston,4.0,1,7424.0,7424.0,1500.0,4.949333333333334,1.0,3.0,1.0,7424.0,7324.0,0.013653741125068269,1.0,1.0
2026-04-04,EQR,Dallas/Fort Worth,0.0,18,1323.0,1330.0,588.8333333333334,2.2468157373337108,0.6666666666666666,1.5833333333333333,2.0,1085.0,1095.0,-0.0091324200913242,0.0,0.0
2026-04-04,EQR,Dallas/Fort Worth,1.0,235,1503.2553191489362,1490.0,738.9957446808511,2.0341867053620786,0.9106382978723404,1.5116822429906542,16.0,1424.0625,1415.9375,0.0057382476274553075,0.0,0.0
2026-04-04,EQR,Dallas/Fort Worth,2.0,104,2189.1923076923076,2175.0,1186.3076923076924,1.8453832187783683,0.9230769230769231,1.5260416666666667,6.0,1749.1666666666667,1739.1666666666667,0.005749880210828941,0.0,0.0
2026-04-04,EQR,Dallas/Fort Worth,3.0,9,2757.0,2700.0,1602.4444444444443,1.720496463735959,0.7777777777777778,1.4285714285714286,1.0,2550.0,2550.0,0.0,0.0,0.0
2026-04-04,EQR,Denver,0.0,43,1485.8372093023256,1490.0,573.6976744186046,2.589930682232762,0.5581395348837209,,35.0,1499.057142857143,1497.9142857142858,0.0007629656474717008,0.5714285714285714,0.5142857142857142
2026-04-04,EQR,Denver,1.0,132,1751.6969696969697,1740.0,725.4848484848485,2.414519025938766,0.7196969696969697,,108.0,1746.1944444444443,1728.462962962963,0.010258525557924402,0.7592592592592593,0.7407407407407407
2026-04-04,EQR,Denver,2.0,66,2416.0454545454545,2425.0,1103.2575757575758,2.1899196594108354,0.803030303030303,,48.0,2431.4375,2433.9375,-0.001027142233520787,0.8125,0.7916666666666666
2026-04-04,EQR,Denver,3.0,9,2889.5555555555557,2895.0,1316.6666666666667,2.1945991561181435,0.3333333333333333,,7.0,2888.714285714286,2898.0,-0.0032041802228137406,0.42857142857142855,0.42857142857142855
2026-04-04,EQR,Inland Empire,1.0,27,2231.814814814815,2228.0,739.1851851851852,3.019290510071149,0.4444444444444444,1500.0,24.0,2243.8333333333335,2242.5,0.0005945745076180534,0.4583333333333333,0.4583333333333333
2026-04-04,EQR,Inland Empire,2.0,50,2666.22,2704.0,1033.96,2.5786490773337456,0.44,1295.4545454545455,44.0,2664.25,2658.7045454545455,0.002085773146525548,0.5,0.45454545454545453
2026-04-04,EQR,Inland Empire,3.0,5,3281.6,3315.0,1280.4,2.562949078412996,0.8,1375.0,5.0,3281.6,3311.6,-0.009059065104481219,0.8,0.8
2026-04-04,EQR,Los Angeles,0.0,131,2153.5648854961833,2134.0,509.0916030534351,4.230210972994857,0.5419847328244275,1.1267605633802817,98.0,2136.0408163265306,2137.6326530612246,-0.0007446727258841035,0.4897959183673469,0.41836734693877553
2026-04-04,EQR,Los Angeles,1.0,365,2556.613698630137,2465.0,723.3013698630137,3.5346451771746747,0.23013698630136986,23.511904761904763,286.0,2575.5594405594406,2591.653846153846,-0.006210090756638085,0.2517482517482518,0.25874125874125875
2026-04-04,EQR,Los Angeles,2.0,268,3190.0485074626868,3030.0,1071.5932835820895,2.9769209609070053,0.26492537313432835,58.774647887323944,226.0,3199.1991150442477,3215.2256637168143,-0.004984579730568537,0.29646017699115046,0.26991150442477874
2026-04-04,EQR,Los Angeles,3.0,21,4132.809523809524,3732.0,1367.3333333333333,3.02253256251306,0.09523809523809523,1.75,16.0,4329.625,4354.625,-0.005741022476102994,0.125,0.125
2026-04-04,EQR,New York,0.0,95,3831.9684210526316,3676.0,491.42105263157896,7.797729463425083,0.06315789473684211,500.0,84.0,3853.3214285714284,3853.2023809523807,3.089576079268412e-05,0.05952380952380952,0.011904761904761904
2026-04-04,EQR,New York,1.0,187,4781.754010695187,4784.0,689.7754010695187,6.932334790833257,0.026737967914438502,700.0,164.0,4801.25,4816.182926829269,-0.003100573017291863,0.03048780487804878,0.0
2026-04-04,EQR,New York,2.0,85,6179.576470588236,5982.0,1053.3058823529411,5.866839418748814,0.011764705882352941,500.0,68.0,6120.441176470588,6125.367647058823,-0.000804273452973985,0.014705882352941176,0.1323529411764706
2026-04-04,EQR,New York,3.0,1,5616.0,5616.0,1521.0,3.6923076923076925,0.0,,1.0,5616.0,5631.0,-0.002663825253063399,0.0,0.0
2026-04-04,EQR,New York,4.0,1,8718.0,8718.0,1243.0,7.013676588897828,0.0,,1.0,8718.0,8533.0,0.021680534395874838,0.0,0.0
2026-04-04,EQR,Orange County,0.0,17,2389.529411764706,2432.0,548.7647058823529,4.3543788187372705,0.23529411764705882,1000.0,16.0,2383.8125,2383.8125,0.0,0.25,0.0
2026-04-04,EQR,Orange County,1.0,75,2572.8933333333334,2523.0,726.1333333333333,3.5432794711715023,0.24,777.7777777777778,62.0,2575.6774193548385,2604.3870967741937,-0.011023583036068273,0.25806451612903225,0.22580645161290322
2026-04-04,EQR,Orange County,2.0,85,3071.0470588235294,3010.0,1002.7764705882353,3.0625439954948614,0.2235294117647059,1131.578947368421,66.0,3071.287878787879,3070.030303030303,0.00040962975392610157,0.2727272727272727,0.2727272727272727
2026-04-04,EQR,Orange County,3.0,4,3826.75,3839.0,1232.0,3.1061282467532467,0.0,,4.0,3826.75,3826.75,0.0,0.0,0.0
2026-04-04,EQR,San Diego,0.0,1,2636.0,2636.0,690.0,3.8202898550724638,0.0,,1.0,2636.0,2615.0,0.00803059273422562,0.0,0.0
2026-04-04,EQR,San Diego,1.0,37,2571.0,2431.0,657.6216216216217,3.9095429886569124,0.10810810810810811,1000.0,32.0,2580.53125,2592.46875,-0.004604684241613327,0.125,0.125
2026-04-04,EQR,San Diego,2.0,63,3119.3015873015875,3131.0,1007.4126984126984,3.0963492838798117,0.015873015873015872,1000.0,48.0,3120.1458333333335,3152.0208333333335,-0.010112560063980118,0.020833333333333332,0.0
2026-04-04,EQR,San Diego,3.0,10,3745.9,3702.0,1234.3,3.034837559750466,0.2,1000.0,8.0,3778.0,3778.0,0.0,0.25,0.375
2026-04-04,EQR,San Francisco,0.0,18,2974.777777777778,2973.5,530.9444444444445,5.6028042272679714,0.0,,11.0,3004.4545454545455,3027.6363636363635,-0.007656737929377798,0.0,0.0
2026-04-04,EQR,San Francisco,1.0,180,3288.6722222222224,3163.0,696.3388888888888,4.722804190169219,0.06666666666666667,500.0,149.0,3230.3557046979868,3241.798657718121,-0.003529816076914773,0.08053691275167785,0.08053691275167785
2026-04-04,EQR,San Francisco,2.0,111,3939.072072072072,3764.0,1010.2882882882883,3.8989584633767898,0.07207207207207207,500.0,88.0,3862.840909090909,3855.1136363636365,0.0020044215180544784,0.07954545454545454,0.07954545454545454
2026-04-04,EQR,San Francisco,3.0,13,4246.615384615385,3908.0,1315.7692307692307,3.2274773458053203,0.0,,10.0,4390.0,4475.5,-0.019104010725058653,0.0,0.0
2026-04-04,EQR,Seattle,0.0,91,1848.6923076923076,1856.0,508.05494505494505,3.638764518850172,0.6593406593406593,1.075,70.0,1844.6571428571428,1831.2142857142858,0.007340952529547096,0.7,0.7142857142857143
2026-04-04,EQR,Seattle,1.0,241,2230.9875518672197,2180.0,705.0497925311204,3.164297863074324,0.43983402489626555,1.0729166666666667,207.0,2230.8019323671497,2226.376811594203,0.001987588421646408,0.47342995169082125,0.4396135265700483
2026-04-04,EQR,Seattle,2.0,122,2980.098360655738,2887.5,995.9590163934427,2.9921897503847514,0.38524590163934425,22.5,103.0,2979.893203883495,2979.4174757281553,0.000159671532846702,0.4174757281553398,0.4077669902912621
2026-04-04,EQR,Seattle,3.0,10,3548.4,3471.5,1386.2,2.559803780118309,0.4,1.0,8.0,3535.75,3485.375,0.014453251084890435,0.375,0.375
2026-04-04,EQR,"Washington, DC",0.0,161,1807.55900621118,1810.0,490.5652173913044,3.6846456742760916,0.6335403726708074,12.590425531914894,145.0,1805.1172413793104,1801.6,0.0019522876217309406,0.6620689655172414,0.6344827586206897
2026-04-04,EQR,"Washington, DC",1.0,542,2367.0332103321034,2295.5,747.7472324723248,3.1655526193066996,0.39114391143911437,46.90060240963855,470.0,2368.742553191489,2376.7617021276596,-0.0033739810469816185,0.4297872340425532,0.40425531914893614
2026-04-04,EQR,"Washington, DC",2.0,282,3145.9893617021276,3070.5,1091.1985815602836,2.8830585146140297,0.4148936170212766,81.23,255.0,3163.654901960784,3172.356862745098,-0.0027430586030551527,0.4470588235294118,0.43529411764705883
2026-04-04,EQR,"Washington, DC",3.0,19,3677.6315789473683,3075.0,1357.2631578947369,2.7095936094307427,0.2631578947368421,500.0,15.0,3520.6,3528.266666666667,-0.0021729272163858466,0.3333333333333333,0.26666666666666666
2026-04-04,ESS,Los Angeles,0.0,26,2044.8461538461538,2023.0,557.5384615384615,3.6676324503311255,0.7692307692307693,2260.0,20.0,2053.8,2060.1,-0.003058103975535036,0.75,
2026-04-04,ESS,Los Angeles,1.0,118,2498.813559322034,2399.0,731.1864406779661,3.4174779786740848,0.7203389830508474,2669.4117647058824,106.0,2510.1132075471696,2520.2075471698113,-0.004005360445006833,0.7169811320754716,
2026-04-04,ESS,Los Angeles,2.0,108,3122.3888888888887,3057.0,1075.2314814814815,2.903922497308934,0.7129629629629629,2472.7272727272725,101.0,3128.6633663366338,3142.7821782178216,-0.004492456390723911,0.7128712871287128,
2026-04-04,ESS,Los Angeles,3.0,13,3652.6923076923076,3639.0,1328.6923076923076,2.7490881722920166,0.6153846153846154,2300.0,12.0,3662.3333333333335,3650.8333333333335,0.0031499657612417257,0.6666666666666666,
2026-04-04,ESS,Orange County,0.0,5,2207.8,2249.0,557.0,3.9637342908438065,0.8,1500.0,5.0,2207.8,2200.2,0.0034542314335062104,0.8,
2026-04-04,ESS,Orange County,1.0,36,2453.1111111111113,2417.0,734.6944444444445,3.338954213769897,0.5,1433.3333333333333,36.0,2453.1111111111113,2449.3888888888887,0.0015196534282929366,0.5,
2026-04-04,ESS,Orange County,2.0,36,3056.1666666666665,3089.0,1041.611111111111,2.9340764840791507,0.5833333333333334,1533.3333333333333,30.0,3029.9333333333334,3032.0,-0.0006816182937554769,0.6333333333333333,
2026-04-04,ESS,Orange County,3.0,4,4092.0,3927.0,1432.75,2.856046065259117,0.75,1766.6666666666667,4.0,4092.0,4057.5,0.008502772643253234,0.75,
2026-04-04,ESS,Richmond,1.0,3,2521.0,2529.0,760.6666666666666,3.314198071866784,0.0,,3.0,2521.0,2494.3333333333335,0.0106908993719096,0.0,
2026-04-04,ESS,Richmond,2.0,3,3257.0,3247.0,1110.6666666666667,2.932472989195678,0.0,,3.0,3257.0,3261.0,-0.0012266176019625882,0.0,
2026-04-04,ESS,Salinas/Monterey,1.0,1,2599.0,2599.0,650.0,3.9984615384615383,1.0,3700.0,1.0,2599.0,2599.0,0.0,1.0,
2026-04-04,ESS,Salinas/Monterey,2.0,2,3613.0,3613.0,1055.0,3.424644549763033,1.0,3700.0,2.0,3613.0,3613.0,0.0,1.0,
2026-04-04,ESS,San Diego,0.0,7,1989.2857142857142,2047.0,440.42857142857144,4.516704508595524,0.5714285714285714,1400.0,7.0,1989.2857142857142,1993.857142857143,-0.0022927563229920957,0.5714285714285714,
2026-04-04,ESS,San Diego,1.0,30,2499.0666666666666,2498.0,733.1666666666666,3.4085928620140944,0.5666666666666667,1664.7058823529412,29.0,2486.0344827586205,2477.0,0.0036473487115948606,0.5517241379310345,
2026-04-04,ESS,San Diego,2.0,45,2953.4444444444443,3049.0,1022.2,2.8893019413465506,0.5333333333333333,1412.5,44.0,2944.0454545454545,2941.0454545454545,0.00102004543838771,0.5454545454545454,
2026-04-04,ESS,San Diego,3.0,10,3807.8,3867.0,1288.6,2.9549899115318956,0.6,2250.0,10.0,3807.8,3865.2,-0.014850460519507306,0.6,
2026-04-04,ESS,San Francisco,0.0,6,4139.0,4222.0,603.5,6.858326429163214,0.0,,5.0,4065.4,4049.4,0.003951202647305773,0.0,
2026-04-04,ESS,San Francisco,1.0,5,5699.8,5569.0,720.2,7.914190502638156,0.0,,4.0,5813.0,5758.0,0.009551927752691907,0.0,
2026-04-04,ESS,San Francisco,2.0,1,5939.0,5939.0,1070.0,5.550467289719626,0.0,,,,,,,
2026-04-04,ESS,San Francisco-East Bay,0.0,9,2333.222222222222,2029.0,525.4444444444445,4.440473673080989,0.3333333333333333,666.6666666666666,8.0,2372.5,2440.75,-0.02796271637816245,0.375,
2026-04-04,ESS,San Francisco-East Bay,1.0,70,2812.0,2677.0,738.5714285714286,3.807350096711799,0.2857142857142857,1433.3333333333333,63.0,2765.8253968253966,2757.4126984126983,0.0030509391711806793,0.31746031746031744,
2026-04-04,ESS,San Francisco-East Bay,2.0,60,3278.633333333333,3058.0,1048.1166666666666,3.128118689077234,0.25,1683.3333333333333,49.0,3239.326530612245,3263.1632653061224,-0.007304793770912172,0.2653061224489796,
2026-04-04,ESS,San Francisco-East Bay,3.0,8,4352.75,3908.0,1357.875,3.2055601583356346,0.0,,4.0,4770.0,4770.0,0.0,0.0,
2026-04-04,ESS,San Jose,0.0,16,2738.875,2653.0,539.1875,5.079633708125652,0.3125,2040.0,14.0,2694.8571428571427,2698.4285714285716,-0.0013235216263434947,0.35714285714285715,
2026-04-04,ESS,San Jose,1.0,101,3061.9504950495048,3009.0,771.5148514851485,3.968751203110763,0.16831683168316833,1729.4117647058824,95.0,3065.4,3089.294736842105,-0.007734689913896113,0.16842105263157894,
2026-04-04,ESS,San Jose,2.0,80,3735.1,3632.0,1097.9625,3.4018466022291287,0.2125,1670.5882352941176,65.0,3690.3230769230768,3706.2615384615383,-0.004300414682844414,0.2153846153846154,
2026-04-04,ESS,San Jose,3.0,13,4460.538461538462,4497.0,1362.0,3.274991528295493,0.15384615384615385,1600.0,12.0,4455.0,4465.666666666667,-0.0023885944614466604,0.16666666666666666,
2026-04-04,ESS,Santa Barbara,1.0,3,2501.0,2507.0,610.3333333333334,4.097760786455488,0.0,,3.0,2501.0,2487.0,0.0056292722155207075,0.0,
2026-04-04,ESS,Santa Barbara,2.0,2,2702.0,2702.0,794.0,3.403022670025189,1.0,2200.0,2.0,2702.0,2712.0,-0.003687315634218289,1.0,
2026-04-04,ESS,Santa Barbara,3.0,1,3067.0,3067.0,1150.0,2.6669565217391304,1.0,2200.0,1.0,3067.0,3009.0,0.01927550681289465,1.0,
2026-04-04,ESS,Seattle,0.0,20,1765.4,1743.0,496.85,3.553185065915266,0.4,1612.5,17.0,1777.235294117647,1762.0588235294117,0.008612919379068641,0.47058823529411764,
2026-04-04,ESS,Seattle,1.0,102,2027.3333333333333,2012.0,701.1960784313726,2.8912502446799584,0.30392156862745096,1412.9032258064517,85.0,2016.035294117647,2014.2235294117647,0.0008994854242475291,0.3176470588235294,
2026-04-04,ESS,Seattle,2.0,99,2536.2929292929293,2449.0,1008.2323232323232,2.515583830085659,0.26262626262626265,1434.6153846153845,88.0,2513.568181818182,2515.5454545454545,-0.0007860214665172103,0.2840909090909091,
2026-04-04,ESS,Seattle,3.0,17,3193.823529411765,3097.0,1263.1764705882354,2.52840644500326,0.17647058823529413,1400.0,12.0,3241.1666666666665,3254.3333333333335,-0.004045887534569385,0.16666666666666666,
2026-04-04,INVH,Atlanta,2.0,2,1679.5,1679.5,1255.0,1.3382470119521912,0.0,,,,,,,
2026-04-04,INVH,Atlanta,3.0,272,1739.8639705882354,1747.0,1727.6544117647059,1.0070671302897076,0.0,,,,,,,
2026-04-04,INVH,Atlanta,4.0,233,1752.763948497854,1749.0,2198.9484978540772,0.7970918601360385,0.0,,,,,,,
2026-04-04,INVH,Atlanta,5.0,75,1862.84,1840.0,2621.1866666666665,0.7106857453875853,0.0,,,,,,,
2026-04-04,INVH,Atlanta,6.0,14,2112.3571428571427,2132.0,2552.1428571428573,0.8276798208788132,0.0,,,,,,,
2026-04-04,INVH,Atlanta,7.0,2,2147.0,2147.0,2649.0,0.8104945262363156,0.0,,,,,,,
2026-04-04,INVH,Austin,3.0,1,2325.0,2325.0,2048.0,1.13525390625,0.0,,,,,,,
2026-04-04,INVH,Austin,4.0,1,1649.0,1649.0,2490.0,0.6622489959839357,0.0,,,,,,,
2026-04-04,INVH,Austin,5.0,1,2649.0,2649.0,2874.0,0.9217118997912317,0.0,,,,,,,
2026-04-04,INVH,Charlotte,2.0,4,1777.25,1764.5,1144.0,1.5535402097902098,0.0,,,,,,,
2026-04-04,INVH,Charlotte,3.0,151,1764.450331125828,1735.0,1743.841059602649,1.0118183199149324,0.0,,,,,,,
2026-04-04,INVH,Charlotte,4.0,117,1789.128205128205,1735.0,2285.358974358974,0.7828652851484927,0.0,,,,,,,
2026-04-04,INVH,Charlotte,5.0,29,2016.1724137931035,2035.0,2686.689655172414,0.7504299612393152,0.0,,,,,,,
2026-04-04,INVH,Charlotte,6.0,3,2178.0,2195.0,3247.3333333333335,0.6707041675220694,0.0,,,,,,,
2026-04-04,INVH,Chicago,3.0,34,2414.029411764706,2395.0,1421.235294117647,1.6985431066594925,0.0,,,,,,,
2026-04-04,INVH,Chicago,4.0,8,2432.25,2522.0,1634.875,1.4877284196039453,0.0,,,,,,,
2026-04-04,INVH,Dallas/Fort Worth,2.0,2,1970.0,1970.0,1531.0,1.286740692357936,0.0,,,,,,,
2026-04-04,INVH,Dallas/Fort Worth,3.0,162,1789.2716049382716,1795.0,1620.0925925925926,1.1044255205654303,0.0,,,,,,,
2026-04-04,INVH,Dallas/Fort Worth,4.0,143,1758.4335664335665,1699.0,2085.125874125874,0.8433225006959049,0.0,,,,,,,
2026-04-04,INVH,Dallas/Fort Worth,5.0,15,2020.7333333333333,2049.0,2600.733333333333,0.776985978313809,0.0,,,,,,,
2026-04-04,INVH,Dallas/Fort Worth,6.0,1,2245.0,2245.0,3255.0,0.6897081413210445,0.0,,,,,,,
2026-04-04,INVH,Denver,2.0,4,2425.75,2399.0,1307.75,1.8549034601414645,0.0,,,,,,,
2026-04-04,INVH,Denver,3.0,76,2301.8289473684213,2295.0,1769.8552631578948,1.3005746827349844,0.0,,,,,,,
2026-04-04,INVH,Denver,4.0,33,2508.757575757576,2480.0,1967.4545454545455,1.2751286079536703,0.0,,,,,,,
2026-04-04,INVH,Denver,5.0,9,2673.4444444444443,2649.0,2444.8888888888887,1.0934830030903473,0.0,,,,,,,
2026-04-04,INVH,Houston,3.0,45,1794.3555555555556,1749.0,1737.3333333333333,1.0328216935277565,0.0,,,,,,,
2026-04-04,INVH,Houston,4.0,40,1790.75,1749.0,2134.875,0.8388078927337667,0.0,,,,,,,
2026-04-04,INVH,Houston,5.0,1,1799.0,1799.0,2740.0,0.6565693430656935,0.0,,,,,,,
2026-04-04,INVH,Jacksonville,3.0,65,1721.2923076923078,1649.0,1710.4307692307693,1.0063501771933296,0.0,,,,,,,
2026-04-04,INVH,Jacksonville,4.0,31,1784.516129032258,1870.0,2122.9032258064517,0.8406017322595349,0.0,,,,,,,
2026-04-04,INVH,Jacksonville,5.0,2,1545.0,1545.0,2294.5,0.6733493135759425,0.0,,,,,,,
2026-04-04,INVH,Las Vegas,2.0,2,2055.0,2055.0,1443.5,1.4236231382057498,0.0,,,,,,,
2026-04-04,INVH,Las Vegas,3.0,62,1972.6290322580646,1999.0,1772.0,1.1132218015000366,0.0,,,,,,,
2026-04-04,INVH,Las Vegas,4.0,36,1999.888888888889,2010.0,2311.527777777778,0.8651805563900739,0.0,,,,,,,
2026-04-04,INVH,Las Vegas,5.0,5,2181.0,2175.0,2920.8,0.7467132292522596,0.0,,,,,,,
2026-04-04,INVH,Los Angeles,2.0,3,2770.0,2295.0,1204.3333333333333,2.3000276778300583,0.0,,,,,,,
2026-04-04,INVH,Los Angeles,3.0,47,2808.9148936170213,2940.0,1546.127659574468,1.8167418946441352,0.0,,,,,,,
2026-04-04,INVH,Los Angeles,4.0,35,2869.4,2975.0,1875.2285714285715,1.530160132859994,0.0,,,,,,,
2026-04-04,INVH,Los Angeles,5.0,4,3069.5,3132.0,2299.5,1.334855403348554,0.0,,,,,,,
2026-04-04,INVH,Miami/Fort Lauderdale,2.0,8,2554.25,2522.5,1393.125,1.833467922835352,0.0,,,,,,,
2026-04-04,INVH,Miami/Fort Lauderdale,3.0,90,2528.222222222222,2470.0,1683.888888888889,1.501418673705048,0.0,,,,,,,
2026-04-04,INVH,Miami/Fort Lauderdale,4.0,49,2670.0204081632655,2670.0,2103.816326530612,1.2691318982994948,0.0,,,,,,,
2026-04-04,INVH,Miami/Fort Lauderdale,5.0,4,3080.0,3165.0,2712.75,1.1353792277209473,0.0,,,,,,,
2026-04-04,INVH,Minneapolis,3.0,24,2377.375,2390.0,1869.7083333333333,1.2715218505560137,0.0,,,,,,,
2026-04-04,INVH,Minneapolis,4.0,11,2274.5454545454545,2330.0,2240.5454545454545,1.015174876247667,0.0,,,,,,,
2026-04-04,INVH,Minneapolis,5.0,4,2774.75,2772.0,2266.0,1.2245145631067962,0.0,,,,,,,
2026-04-04,INVH,Nashville,3.0,29,1969.0,1899.0,1696.655172413793,1.1605186675609211,0.0,,,,,,,
2026-04-04,INVH,Nashville,4.0,21,2019.7619047619048,2049.0,2223.7619047619046,0.9082635602475428,0.0,,,,,,,
2026-04-04,INVH,Nashville,5.0,1,2299.0,2299.0,2254.0,1.0199645075421473,0.0,,,,,,,
2026-04-04,INVH,Orlando,2.0,1,1745.0,1745.0,1408.0,1.2393465909090908,0.0,,,,,,,
2026-04-04,INVH,Orlando,3.0,116,1875.5689655172414,1780.0,1627.2844827586207,1.152575954228803,0.0,,,,,,,
2026-04-04,INVH,Orlando,4.0,90,1886.0666666666666,1847.0,2026.4888888888888,0.9307066409334153,0.0,,,,,,,
2026-04-04,INVH,Orlando,5.0,22,2120.909090909091,2349.0,2459.7727272727275,0.8622378268502263,0.0,,,,,,,
2026-04-04,INVH,Orlando,6.0,1,2695.0,2695.0,3920.0,0.6875,0.0,,,,,,,
2026-04-04,INVH,Orlando,250.0,1,1849.0,1849.0,1890.0,0.9783068783068783,0.0,,,,,,,
2026-04-04,INVH,Phoenix,1.0,1,1775.0,1775.0,615.0,2.886178861788618,0.0,,,,,,,
2026-04-04,INVH,Phoenix,2.0,4,1446.0,1422.0,1102.5,1.3115646258503402,0.0,,,,,,,
2026-04-04,INVH,Phoenix,3.0,247,1766.7894736842106,1765.0,1528.3238866396762,1.156030792379257,0.0,,,,,,,
2026-04-04,INVH,Phoenix,4.0,137,1778.2335766423357,1780.0,1935.1824817518248,0.9188971031985516,0.0,,,,,,,
2026-04-04,INVH,Phoenix,5.0,12,1891.25,1899.0,2567.5833333333335,0.7365875823569504,0.0,,,,,,,
2026-04-04,INVH,Salt Lake City,3.0,8,2280.25,2299.0,1757.875,1.2971627675460429,0.0,,,,,,,
2026-04-04,INVH,Salt Lake City,4.0,7,2244.8571428571427,2249.0,1694.7142857142858,1.3246227767006657,0.0,,,,,,,
2026-04-04,INVH,Salt Lake City,5.0,1,2249.0,2249.0,2540.0,0.8854330708661418,0.0,,,,,,,
2026-04-04,INVH,San Antonio,2.0,2,999.0,999.0,741.0,1.3481781376518218,0.0,,,,,,,
2026-04-04,INVH,San Antonio,3.0,34,1228.8529411764705,999.0,1529.264705882353,0.8035580344263871,0.0,,,,,,,
2026-04-04,INVH,San Antonio,4.0,26,1471.076923076923,1445.0,1819.1153846153845,0.8086770831130939,0.0,,,,,,,
2026-04-04,INVH,Seattle,2.0,1,2665.0,2665.0,2580.0,1.0329457364341086,0.0,,,,,,,
2026-04-04,INVH,Seattle,3.0,30,2715.633333333333,2637.0,1866.8,1.454699664309692,0.0,,,,,,,
2026-04-04,INVH,Seattle,4.0,44,2712.3636363636365,2745.0,2182.318181818182,1.24288183957843,0.0,,,,,,,
2026-04-04,INVH,Seattle,5.0,4,2822.25,2832.5,2319.5,1.216749299417978,0.0,,,,,,,
2026-04-04,INVH,Seattle,6.0,1,3325.0,3325.0,2670.0,1.2453183520599251,0.0,,,,,,,
2026-04-04,INVH,Tampa,2.0,19,1898.6842105263158,1799.0,1274.6842105263158,1.4895330112721417,0.0,,,,,,,
2026-04-04,INVH,Tampa,3.0,458,1907.4344978165939,1904.5,1612.1550218340612,1.1831582397371496,0.0,,,,,,,
2026-04-04,INVH,Tampa,4.0,306,1975.5588235294117,1945.0,2040.562091503268,0.9681444302800074,0.0,,,,,,,
2026-04-04,INVH,Tampa,5.0,26,2108.5,2105.0,2562.9615384615386,0.8226810930864235,0.0,,,,,,,
2026-04-04,INVH,Tampa,6.0,5,2230.0,2230.0,2689.2,0.8292428975159899,0.0,,,,,,,
2026-04-04,INVH,Tampa,,1,1899.0,1899.0,,,0.0,,,,,,,
2026-04-04,MAA,Atlanta,1.0,331,1541.3504531722053,1470.0,763.6465256797583,2.0184082574070192,0.6918429003021148,229.74253041474654,269.0,1541.9776951672864,1532.0706319702601,0.0064664533020162545,0.6765799256505576,0.7434944237918215
2026-04-04,MAA,Atlanta,2.0,442,1899.4253393665158,1835.0,1190.6199095022625,1.595324691118737,0.746606334841629,175.18106785714286,370.0,1899.0432432432433,1909.0432432432433,-0.005238226025205777,0.7621621621621621,0.7918918918918919
2026-04-04,MAA,Atlanta,3.0,77,2216.3376623376626,2140.0,1462.064935064935,1.5158955044901803,0.6623376623376623,231.4674574468085,60.0,2208.7,2238.616666666667,-0.013363907770423834,0.6833333333333333,0.7333333333333333
2026-04-04,MAA,Atlanta,,65,1488.676923076923,1468.0,624.9076923076923,2.3822349146950934,0.8769230769230769,362.19516842105264,53.0,1481.3584905660377,1502.7735849056603,-0.014250379800871288,0.8490566037735849,0.9622641509433962
2026-04-04,MAA,Austin,1.0,319,1256.9435736677117,1213.0,727.4075235109718,1.7279771421676156,0.9811912225705329,21.777908306709268,273.0,1245.4615384615386,1245.084249084249,0.00030302317097583167,0.978021978021978,1.0
2026-04-04,MAA,Austin,2.0,276,1592.4673913043478,1533.0,1063.3079710144928,1.4976539579450239,0.9637681159420289,19.84276804511278,234.0,1594.0042735042734,1588.6068376068376,0.003397590750375206,0.9658119658119658,1.0
2026-04-04,MAA,Austin,3.0,42,1871.047619047619,1808.0,1355.952380952381,1.3798770851624231,1.0,28.082519047619048,35.0,1849.9142857142858,1886.1142857142856,-0.019192898476080737,1.0,1.0
2026-04-04,MAA,Austin,,6,1201.3333333333333,1256.0,585.0,2.0535612535612535,1.0,1.0769666666666666,4.0,1083.25,1128.25,-0.039884777309993354,1.0,1.0
2026-04-04,MAA,Birmingham,1.0,56,1249.9285714285713,1248.0,840.9821428571429,1.4862724280709203,0.6607142857142857,122.37837837837837,47.0,1246.723404255319,1250.872340425532,-0.0033168342093178533,0.6808510638297872,0.723404255319149
2026-04-04,MAA,Birmingham,2.0,45,1497.3333333333333,1468.0,1132.1333333333334,1.3225768460723117,0.6444444444444445,207.48275862068965,36.0,1489.111111111111,1551.361111111111,-0.04012605418181167,0.6388888888888888,0.5555555555555556
2026-04-04,MAA,Birmingham,3.0,20,1778.5,1945.5,1434.3,1.2399776894652443,0.6,167.33333333333334,17.0,1813.5882352941176,1797.7058823529412,0.008834789437518338,0.6470588235294118,0.4117647058823529
2026-04-04,MAA,Boston,1.0,35,1188.4285714285713,1158.0,675.7142857142857,1.7587737843551796,0.4,500.0,25.0,1208.8,1213.0,-0.0034624896949711835,0.48,0.48
2026-04-04,MAA,Boston,2.0,37,1583.0,1633.0,1134.4324324324325,1.3954114451803497,0.7297297297297297,500.0,36.0,1579.388888888889,1584.111111111111,-0.002980991793504913,0.7222222222222222,0.7222222222222222
2026-04-04,MAA,Boston,3.0,7,1858.7142857142858,1838.0,1449.5714285714287,1.2822509115994876,1.0,500.0,6.0,1864.6666666666667,1878.0,-0.007099751508697155,1.0,1.0
2026-04-04,MAA,Charleston,1.0,89,1723.8651685393259,1748.0,754.6966292134831,2.2841829442591712,0.797752808988764,465.33126760563374,76.0,1704.2105263157894,1697.3026315789473,0.004069925190898858,0.7894736842105263,0.8421052631578947
2026-04-04,MAA,Charleston,2.0,105,1957.2285714285715,2008.0,1088.0666666666666,1.7988130979369263,0.6952380952380952,616.8265753424657,82.0,1975.9512195121952,2000.4634146341464,-0.01225325839134834,0.7439024390243902,0.8048780487804879
2026-04-04,MAA,Charleston,3.0,9,2021.888888888889,2038.0,1453.888888888889,1.3906763469621704,0.7777777777777778,286.42857142857144,4.0,2028.0,2065.5,-0.01815541031227306,1.0,1.0
2026-04-04,MAA,Charleston,,1,1778.0,1778.0,506.0,3.513833992094862,1.0,1.02,1.0,1778.0,1733.0,0.025966532025389497,1.0,1.0
2026-04-04,MAA,Charlotte,1.0,221,1482.6923076923076,1445.0,759.9366515837104,1.9510735593583652,0.751131221719457,148.50445421686746,184.0,1481.570652173913,1486.9239130434783,-0.0036002251511363754,0.7554347826086957,0.8206521739130435
2026-04-04,MAA,Charlotte,2.0,214,1860.1542056074766,1841.5,1127.0420560747664,1.6504745280632869,0.7570093457943925,138.0774925925926,176.0,1881.6818181818182,1880.5170454545455,0.0006193896141958166,0.7613636363636364,0.8125
2026-04-04,MAA,Charlotte,3.0,46,2141.7391304347825,1910.5,1402.4782608695652,1.5271103946430231,0.6956521739130435,32.4155875,37.0,2151.972972972973,2162.2432432432433,-0.004749821881679511,0.6756756756756757,0.7837837837837838
2026-04-04,MAA,Charlotte,,53,1352.2264150943397,1353.0,615.2075471698113,2.1980003680304243,0.5660377358490566,467.48176666666666,43.0,1381.6511627906978,1418.4186046511627,-0.025921432318992535,0.5813953488372093,0.5813953488372093
2026-04-04,MAA,Charlottesville,1.0,6,1934.1666666666667,1953.0,679.0,2.848551791850761,0.0,,6.0,1934.1666666666667,1879.1666666666667,0.029268292682926828,0.0,1.0
2026-04-04,MAA,Charlottesville,2.0,13,2148.5384615384614,2133.0,1063.4615384615386,2.0203254972875224,0.0,,11.0,2161.3636363636365,2162.4545454545455,-0.0005044772354647115,0.0,1.0
2026-04-04,MAA,Charlottesville,3.0,1,2943.0,2943.0,1426.0,2.0638148667601683,0.0,,1.0,2943.0,2933.0,0.0034094783498124785,0.0,1.0
2026-04-04,MAA,Chattanooga,1.0,14,1207.642857142857,1148.0,789.1428571428571,1.5303222302679218,0.6428571428571429,1.3847,7.0,1255.142857142857,1262.2857142857142,-0.005658669081032116,0.42857142857142855,0.7142857142857143
2026-04-04,MAA,Chattanooga,2.0,24,1450.25,1305.5,1199.0833333333333,1.209465563972479,0.4166666666666667,1.3847,17.0,1471.1176470588234,1473.4117647058824,-0.0015570105397637807,0.4117647058823529,0.8823529411764706
2026-04-04,MAA,Chattanooga,3.0,2,1870.5,1870.5,1716.0,1.090034965034965,0.0,,2.0,1870.5,1815.5,0.030294684659873315,0.0,1.0
2026-04-04,MAA,Chattanooga,,6,1007.1666666666666,1008.0,465.0,2.1659498207885304,1.0,1.3846999999999998,3.0,1009.6666666666666,1004.6666666666666,0.004976775049767751,1.0,1.0
2026-04-04,MAA,Dallas/Fort Worth,1.0,269,1486.3903345724907,1463.0,765.5613382899628,1.9415692253904127,0.8364312267657993,188.9547357142857,219.0,1476.1917808219177,1489.2054794520548,-0.008738685701670489,0.8447488584474886,0.7397260273972602
2026-04-04,MAA,Dallas/Fort Worth,2.0,178,1900.8370786516855,1805.5,1095.191011235955,1.7356215118187788,0.7921348314606742,202.4578674418605,154.0,1904.0974025974026,1896.0454545454545,0.0042467062340962826,0.8311688311688312,0.7077922077922078
2026-04-04,MAA,Dallas/Fort Worth,3.0,22,2347.909090909091,2140.5,1476.4545454545455,1.5902345914660427,0.6363636363636364,286.29285714285714,19.0,2398.4210526315787,2407.8947368421054,-0.0039344262295083554,0.631578947368421,0.5263157894736842
2026-04-04,MAA,Dallas/Fort Worth,,104,1341.1153846153845,1326.5,675.3461538461538,1.985819237997608,1.0,1.0187144230769232,92.0,1354.391304347826,1369.7173913043478,-0.01118923294237149,1.0,1.0
2026-04-04,MAA,Denver,1.0,98,1762.857142857143,1744.0,730.3673469387755,2.4136582094556833,1.0,1.5676051020408164,77.0,1754.3376623376623,1777.5194805194806,-0.013041667579948745,1.0,1.0
2026-04-04,MAA,Denver,2.0,56,2336.285714285714,2335.0,1071.5892857142858,2.1802063023879747,1.0,1.7226535714285716,47.0,2346.2340425531916,2353.255319148936,-0.0029836442049491303,1.0,1.0
2026-04-04,MAA,Denver,3.0,3,3051.6666666666665,2986.0,1386.0,2.2017797017797016,1.0,1.8463,3.0,3051.6666666666665,2958.3333333333335,0.03154929577464778,1.0,1.0
2026-04-04,MAA,Denver,,4,1455.0,1447.5,545.5,2.667277726856095,1.0,1.3847,3.0,1471.6666666666667,1396.6666666666667,0.05369928400954654,1.0,1.0
2026-04-04,MAA,Gainesville,1.0,2,1663.0,1663.0,805.0,2.0658385093167704,1.0,1400.0,1.0,1768.0,1748.0,0.011441647597254004,1.0,1.0
2026-04-04,MAA,Gainesville,2.0,26,1676.923076923077,1683.0,1132.8076923076924,1.4803245849319253,1.0,1450.0,24.0,1671.625,1671.875,-0.00014953271028037384,1.0,1.0
2026-04-04,MAA,Gainesville,3.0,8,1799.375,1785.0,1438.0,1.2513038942976356,1.0,1500.0,6.0,1785.0,1801.6666666666667,-0.009250693802035194,1.0,1.0
2026-04-04,MAA,Greenville,1.0,67,1246.8955223880596,1203.0,752.6417910447761,1.6566918515874431,0.6567164179104478,977.2727272727273,51.0,1244.9019607843138,1240.3333333333333,0.003683386818850221,0.6470588235294118,0.6862745098039216
2026-04-04,MAA,Greenville,2.0,84,1391.7857142857142,1253.0,1027.7619047619048,1.3541907983134873,0.4880952380952381,719.5121951219512,64.0,1408.1875,1424.1875,-0.011234475797603897,0.5,0.53125
2026-04-04,MAA,Greenville,3.0,9,1765.4444444444443,1608.0,1332.5555555555557,1.3248561660968896,0.5555555555555556,700.0,7.0,1818.2857142857142,1809.0,0.005133064834557336,0.5714285714285714,0.2857142857142857
2026-04-04,MAA,Greenville,,7,1621.5714285714287,1823.0,703.8571428571429,2.3038360056829714,0.42857142857142855,1000.0,6.0,1586.3333333333333,1555.5,0.019822136504875125,0.5,0.5
2026-04-04,MAA,Gulf Shores,1.0,14,1151.2142857142858,1153.0,816.0,1.4108018207282913,1.0,1.35,10.0,1159.0,1163.0,-0.0034393809114359416,1.0,1.0
2026-04-04,MAA,Gulf Shores,2.0,9,1545.7777777777778,1433.0,1219.2222222222222,1.2678392417752666,1.0,1.35,8.0,1568.0,1537.375,0.0199203187250996,1.0,0.75
2026-04-04,MAA,Gulf Shores,3.0,9,1862.4444444444443,2108.0,1724.0,1.0803042021139468,1.0,1.35,7.0,1866.5714285714287,1845.857142857143,0.01122204163764418,1.0,0.42857142857142855
2026-04-04,MAA,Huntsville,1.0,36,1159.111111111111,1143.0,927.3888888888889,1.2498652129635175,0.6666666666666666,251.15395,32.0,1166.125,1168.9375,-0.0024060311180024597,0.6875,1.0
2026-04-04,MAA,Huntsville,2.0,39,1284.7948717948718,1253.0,1135.6153846153845,1.131364447153921,0.7435897435897436,156.76406896551725,31.0,1284.6129032258063,1285.9032258064517,-0.0010034367709406194,0.7741935483870968,1.0
2026-04-04,MAA,Huntsville,3.0,38,1437.2105263157894,1458.0,1318.6052631578948,1.0899475123236273,0.8421052631578947,126.730925,33.0,1422.5454545454545,1463.3030303030303,-0.027853134254177965,0.9090909090909091,1.0
2026-04-04,MAA,Jacksonville,1.0,122,1297.27868852459,1263.0,743.4508196721312,1.744942172633157,0.8360655737704918,695.533137254902,105.0,1299.2,1312.895238095238,-0.010431325895512558,0.819047619047619,1.0
2026-04-04,MAA,Jacksonville,2.0,152,1533.3815789473683,1456.5,1113.4934210526317,1.3770908295962798,0.8486842105263158,1021.1568992248061,128.0,1546.71875,1536.8046875,0.006451088144536909,0.8515625,1.0
2026-04-04,MAA,Jacksonville,3.0,25,1820.6,1793.0,1422.04,1.28027341003066,1.0,780.4032000000001,18.0,1842.1666666666667,1838.0,0.002266956837141862,1.0,1.0
2026-04-04,MAA,Jacksonville,,9,1412.2222222222222,1442.0,641.7777777777778,2.200484764542936,1.0,2555.5555555555557,6.0,1469.5,1459.5,0.006851661527920521,1.0,1.0
2026-04-04,MAA,Kansas City,1.0,68,1462.7794117647059,1450.0,789.8529411764706,1.8519642524669522,0.7058823529411765,1.0,57.0,1457.8070175438597,1424.842105263158,0.023135835303388533,0.7192982456140351,0.7192982456140351
2026-04-04,MAA,Kansas City,2.0,44,1986.6363636363637,1928.0,1165.0227272727273,1.7052339985564076,0.6136363636363636,1.0,31.0,2026.225806451613,2002.516129032258,0.011839943297142323,0.6129032258064516,0.6129032258064516
2026-04-04,MAA,Kansas City,3.0,4,2486.75,2428.0,1404.75,1.7702438156255562,0.5,1.0,3.0,2504.6666666666665,2498.0,0.0026688017080330325,0.3333333333333333,0.3333333333333333
2026-04-04,MAA,Kansas City,,2,1258.0,1258.0,553.0,2.274864376130199,1.0,1.0,2.0,1258.0,1263.0,-0.00395882818685669,1.0,1.0
2026-04-04,MAA,Las Vegas,1.0,27,1488.7777777777778,1431.0,777.6296296296297,1.9145075252429034,1.0,416.6666666666667,23.0,1478.391304347826,1472.0869565217392,0.00428259200189012,1.0,0.0
2026-04-04,MAA,Las Vegas,2.0,33,1624.6363636363637,1621.0,1021.969696969697,1.5897108969607117,1.0,393.93939393939394,29.0,1626.0,1643.5862068965516,-0.010699899295065401,1.0,0.0
2026-04-04,MAA,Las Vegas,3.0,3,1921.0,1791.0,1174.3333333333333,1.635821742832813,1.0,333.3333333333333,3.0,1921.0,1926.0,-0.002596053997923157,1.0,0.0
2026-04-04,MAA,Louisville,1.0,5,1270.0,1263.0,708.0,1.7937853107344632,0.0,,4.0,1271.75,1249.25,0.018010806483890335,0.0,0.0
2026-04-04,MAA,Louisville,2.0,11,1419.3636363636363,1423.0,966.6363636363636,1.4683532399134769,0.0,,8.0,1405.5,1425.5,-0.01403016485443704,0.0,0.0
2026-04-04,MAA,Memphis,1.0,61,1214.032786885246,1188.0,761.672131147541,1.5939046963109638,1.0,394.04606557377053,51.0,1234.4313725490197,1268.3529411764705,-0.02674458151686597,1.0,0.7254901960784313
2026-04-04,MAA,Memphis,2.0,72,1445.1527777777778,1438.0,1097.6527777777778,1.316584631347193,1.0,264.6247222222222,58.0,1446.6206896551723,1462.396551724138,-0.010787677289286642,1.0,0.8448275862068966
2026-04-04,MAA,Memphis,3.0,6,1865.5,1850.5,1478.6666666666667,1.261609558160505,1.0,1.0066666666666666,5.0,1877.0,1887.0,-0.005299417064122946,1.0,0.6
2026-04-04,MAA,Miami/Fort Lauderdale,1.0,5,2088.0,2038.0,868.4,2.404421925380009,1.0,1.3847,4.0,2059.25,2050.5,0.00426725188978298,1.0,1.0
2026-04-04,MAA,Miami/Fort Lauderdale,2.0,9,2310.222222222222,2313.0,1146.111111111111,2.01570528356762,1.0,1.3847,7.0,2319.4285714285716,2345.8571428571427,-0.01126606175019778,1.0,1.0
2026-04-04,MAA,Miami/Fort Lauderdale,3.0,11,2769.818181818182,2788.0,1393.5454545454545,1.9876051927718705,1.0,1.3847,9.0,2783.0,2818.5555555555557,-0.012614814522805254,1.0,1.0
2026-04-04,MAA,Nashville,1.0,150,1508.78,1525.5,776.0866666666667,1.944087000592717,0.6133333333333333,164.0062641304348,124.0,1518.0725806451612,1505.774193548387,0.008167484307718645,0.6129032258064516,0.47580645161290325
2026-04-04,MAA,Nashville,2.0,176,1746.6079545454545,1663.0,1102.7386363636363,1.5838820704650614,0.6363636363636364,188.5003017857143,154.0,1741.1233766233765,1721.7337662337663,0.011261677484565054,0.6298701298701299,0.5454545454545454
2026-04-04,MAA,Nashville,3.0,42,1955.9761904761904,1940.5,1332.9285714285713,1.4674276119536287,0.5714285714285714,126.13563333333333,37.0,1980.162162162162,1993.1351351351352,-0.006508827597429096,0.6216216216216216,0.4864864864864865
2026-04-04,MAA,Nashville,,8,1263.0,1385.5,512.875,2.4625883499878136,0.625,1.0,6.0,1217.1666666666667,1241.3333333333333,-0.019468313641245853,0.5,0.5
2026-04-04,MAA,Orlando,1.0,139,1720.1870503597122,1680.0,754.5107913669065,2.279870705683801,0.2949640287769784,49.796053658536586,116.0,1711.7413793103449,1698.1637931034484,0.007995451476493349,0.28448275862068967,0.6982758620689655
2026-04-04,MAA,Orlando,2.0,250,2046.152,1943.0,1108.164,1.846434282290347,0.428,187.84656355140189,205.0,2042.458536585366,2039.7512195121951,0.0013272780755185544,0.43902439024390244,0.8195121951219512
2026-04-04,MAA,Orlando,3.0,58,2514.0172413793102,2378.0,1390.9137931034484,1.8074572657518622,0.5862068965517241,59.808217647058825,44.0,2539.0227272727275,2475.818181818182,0.02552875082617318,0.5909090909090909,0.8863636363636364
2026-04-04,MAA,Orlando,,15,1573.4,1588.0,520.4666666666667,3.023056231587037,0.6,2000.0,13.0,1558.8461538461538,1604.1538461538462,-0.028243981969885916,0.6923076923076923,0.6923076923076923
2026-04-04,MAA,Panama City Beach,1.0,2,1503.0,1503.0,935.0,1.6074866310160427,1.0,1500.0,2.0,1503.0,1490.5,0.008386447500838645,1.0,1.0
2026-04-04,MAA,Panama City Beach,2.0,7,1398.0,1428.0,1029.0,1.358600583090379,1.0,1500.0,5.0,1377.0,1394.0,-0.012195121951219513,1.0,1.0
2026-04-04,MAA,Panama City Beach,3.0,7,1865.2857142857142,1916.0,1349.0,1.3827173567722122,1.0,1500.0,6.0,1878.5,1932.6666666666667,-0.028026905829596452,1.0,1.0
2026-04-04,MAA,Phoenix,1.0,161,1542.4285714285713,1563.0,794.4409937888199,1.9415269145068603,0.577639751552795,109.29032258064517,131.0,1549.4885496183206,1537.8091603053435,0.007594823606498746,0.5877862595419847,0.6717557251908397
2026-04-04,MAA,Phoenix,2.0,126,1814.8095238095239,1766.0,1095.2142857142858,1.6570360225222287,0.6111111111111112,174.5974025974026,109.0,1812.3853211009175,1860.7981651376147,-0.026017246224615015,0.6055045871559633,0.8990825688073395
2026-04-04,MAA,Phoenix,3.0,16,2083.625,2078.0,1274.875,1.6343759192077654,0.25,312.5,12.0,2071.75,2088.8333333333335,-0.00817840900023944,0.25,0.8333333333333334
2026-04-04,MAA,Phoenix,,25,1424.04,1428.0,587.84,2.4224959172563962,0.88,24.636363636363637,23.0,1422.0869565217392,1457.7391304347825,-0.024457170126461324,0.8695652173913043,0.8695652173913043
2026-04-04,MAA,Raleigh/Durham,1.0,228,1362.8377192982457,1340.0,783.3377192982456,1.7397830919199782,0.9385964912280702,367.9184701492537,187.0,1368.850267379679,1369.6791443850268,-0.0006051614414556244,0.9358288770053476,0.9518716577540107
2026-04-04,MAA,Raleigh/Durham,2.0,226,1600.9513274336284,1490.5,1127.6769911504425,1.4196896274352082,0.8938053097345132,301.52875326086956,181.0,1617.9281767955802,1600.7845303867402,0.010709527786789711,0.8839779005524862,0.9060773480662984
2026-04-04,MAA,Raleigh/Durham,3.0,45,1894.3333333333333,1823.0,1410.7777777777778,1.3427581318421673,0.9555555555555556,209.72397674418605,38.0,1897.7631578947369,1905.0,-0.003798867246857282,0.9473684210526315,0.9473684210526315
2026-04-04,MAA,Raleigh/Durham,,21,1419.2380952380952,1468.0,599.7619047619048,2.3663358475585548,0.8095238095238095,442.51594705882354,18.0,1420.8333333333333,1413.3333333333333,0.005306603773584906,0.7777777777777778,0.7777777777777778
2026-04-04,MAA,Richmond,1.0,15,1660.6666666666667,1638.0,825.4,2.0119538001776918,1.0,115.0,14.0,1662.642857142857,1641.2142857142858,0.01305653479566517,1.0,1.0
2026-04-04,MAA,Richmond,2.0,8,2207.375,2178.0,1181.375,1.8684795259760871,1.0,115.0,7.0,2216.5714285714284,2201.5714285714284,0.006813315164492895,1.0,1.0
2026-04-04,MAA,Richmond,3.0,1,2493.0,2493.0,1350.0,1.8466666666666667,1.0,115.0,1.0,2493.0,2408.0,0.03529900332225914,1.0,1.0
2026-04-04,MAA,Savannah,1.0,68,1499.6764705882354,1461.5,809.6323529411765,1.8522931613840705,1.0,163.16300882352942,52.0,1494.2115384615386,1510.2692307692307,-0.010632337586268263,1.0,1.0
2026-04-04,MAA,Savannah,2.0,80,1763.5375,1728.0,1140.075,1.5468609521303422,1.0,14.13116,68.0,1767.0441176470588,1794.8088235294117,-0.01546945029373929,1.0,1.0
2026-04-04,MAA,Savannah,3.0,25,2012.16,1958.0,1339.68,1.5019706198495162,1.0,1.823152,22.0,2019.0,2014.909090909091,0.0020303194369247018,1.0,1.0
2026-04-04,MAA,Tallahassee,1.0,9,1430.2222222222222,1398.0,809.0,1.7678890262326603,0.3333333333333333,1.02,7.0,1422.2857142857142,1468.0,-0.03114052160373691,0.2857142857142857,0.2857142857142857
2026-04-04,MAA,Tallahassee,2.0,39,1522.974358974359,1570.0,1110.4615384615386,1.3714787106308302,0.6410256410256411,1.02,36.0,1525.4166666666667,1525.3055555555557,7.284514942359619e-05,0.6666666666666666,0.6666666666666666
2026-04-04,MAA,Tallahassee,3.0,11,1789.3636363636363,1673.0,1342.090909090909,1.3332655964234912,0.36363636363636365,1.02,8.0,1723.625,1752.375,-0.01640630572794065,0.125,0.125
2026-04-04,MAA,Tampa,1.0,173,1927.6184971098266,1830.0,759.7630057803468,2.537131292843068,0.930635838150289,174.91298881987578,142.0,1911.7676056338028,1961.1690140845071,-0.025189776146736353,0.9295774647887324,0.9295774647887324
2026-04-04,MAA,Tampa,2.0,254,2253.1417322834645,2023.0,1139.5590551181103,1.9772048865426604,0.7834645669291339,214.51725527638192,209.0,2250.866028708134,2313.2583732057415,-0.02697162808110516,0.7751196172248804,0.9138755980861244
2026-04-04,MAA,Tampa,3.0,47,2611.723404255319,2201.0,1409.468085106383,1.8529851309532797,0.8936170212765957,274.75938333333335,35.0,2471.1428571428573,2476.6,-0.0022034817318673065,0.8857142857142857,0.9428571428571428
2026-04-04,MAA,Tampa,,4,2129.5,2111.5,629.75,3.3815005954743946,1.0,1.211575,3.0,2097.6666666666665,2112.6666666666665,-0.007100031555695803,1.0,1.0
2026-04-04,MAA,"Washington, DC",1.0,77,2540.2597402597403,2305.0,751.974025974026,3.3781216538288836,1.0,122.85714285714286,68.0,2539.1029411764707,2517.4117647058824,0.00861645948219462,1.0,1.0
2026-04-04,MAA,"Washington, DC",2.0,44,2688.9772727272725,2640.0,1027.7954545454545,2.6162572142493863,1.0,144.88636363636363,35.0,2612.0,2581.5714285714284,0.011786840794643403,1.0,1.0
2026-04-04,MAA,"Washington, DC",3.0,4,4859.5,5590.0,1207.0,4.026097763048882,1.0,90.0,4.0,4859.5,4838.25,0.004392083914638557,1.0,1.0
2026-04-04,MAA,"Washington, DC",,11,2010.5454545454545,1960.0,501.09090909090907,4.01233671988389,1.0,92.72727272727273,8.0,1997.625,1969.375,0.014344652491272612,1.0,1.0
2026-04-04,UDR,Austin,0.0,7,1140.857142857143,1184.0,563.0,2.0263892413093125,1.0,714.5714285714286,5.0,1143.6,1144.4,-0.0006990562740302183,1.0,1.0
2026-04-04,UDR,Austin,1.0,73,1254.1780821917807,1173.0,777.2739726027397,1.6135598597134346,1.0,643.9375,63.0,1268.4126984126983,1276.0,-0.005946161118574985,1.0,1.0
2026-04-04,UDR,Austin,2.0,33,1435.8484848484848,1327.0,1071.7575757575758,1.3397138656412575,1.0,343.2857142857143,29.0,1431.2758620689656,1440.4137931034484,-0.0063439624628938256,1.0,1.0
2026-04-04,UDR,Austin,3.0,2,1848.0,1848.0,1312.0,1.4085365853658536,1.0,500.0,2.0,1848.0,1828.0,0.010940919037199124,1.0,1.0
2026-04-04,UDR,Baltimore,0.0,1,1564.0,1564.0,563.0,2.77797513321492,1.0,1000.0,,,,,,
2026-04-04,UDR,Baltimore,1.0,60,1893.6666666666667,1852.0,837.8833333333333,2.260060072006843,1.0,943.8775510204082,53.0,1890.0566037735848,1890.433962264151,-0.0001996147435450263,1.0,1.0
2026-04-04,UDR,Baltimore,2.0,61,2114.1803278688526,2069.0,1198.4426229508197,1.7641064222693388,1.0,737.0689655172414,54.0,2133.8888888888887,2147.8333333333335,-0.006492330772613392,1.0,1.0
2026-04-04,UDR,Baltimore,3.0,6,2255.1666666666665,2179.0,1254.6666666666667,1.7974229543039317,1.0,666.6666666666666,3.0,2251.3333333333335,2247.6666666666665,0.001631321370310086,1.0,1.0
2026-04-04,UDR,Boston,0.0,15,3452.2,3533.0,473.6666666666667,7.288247712878254,1.0,1000.0,14.0,3459.9285714285716,3422.214285714286,0.011020433720857441,1.0,1.0
2026-04-04,UDR,Boston,1.0,136,2945.7132352941176,2695.5,860.3602941176471,3.4238135528036304,1.0,1368.6440677966102,121.0,2908.0826446280994,2921.99173553719,-0.0047601404001005624,1.0,1.0
2026-04-04,UDR,Boston,2.0,108,3359.240740740741,2988.5,1147.6666666666667,2.9270177816503695,1.0,1519.2307692307693,84.0,3314.1666666666665,3325.595238095238,-0.0034365491319134096,1.0,1.0
2026-04-04,UDR,Boston,3.0,11,4459.636363636364,3776.0,1363.909090909091,3.269746050789842,1.0,1357.142857142857,8.0,4201.25,4210.625,-0.002226510316164465,1.0,1.0
2026-04-04,UDR,Dallas/Fort Worth,0.0,47,1038.936170212766,1055.0,513.8510638297872,2.0218624487598857,1.0,847.2222222222222,39.0,1032.8461538461538,1047.0,-0.013518477701858824,1.0,1.0
2026-04-04,UDR,Dallas/Fort Worth,1.0,399,1290.28320802005,1277.0,728.4260651629073,1.7713303651915413,1.0,758.3063063063063,338.0,1286.991124260355,1302.026627218935,-0.01154776918095366,1.0,1.0
2026-04-04,UDR,Dallas/Fort Worth,2.0,171,1844.1637426900584,1853.0,1126.5906432748538,1.6369421792189858,1.0,746.2384615384616,150.0,1855.5333333333333,1867.0733333333333,-0.006180796326514562,1.0,1.0
2026-04-04,UDR,Dallas/Fort Worth,3.0,20,2660.75,2658.0,1571.8,1.6928044280442804,1.0,1178.5714285714287,15.0,2638.866666666667,2668.0,-0.010919540229885012,1.0,1.0
2026-04-04,UDR,Denver,0.0,4,1418.0,1421.0,532.5,2.662910798122066,1.0,1000.0,1.0,1397.0,1297.0,0.07710100231303008,1.0,1.0
2026-04-04,UDR,Denver,1.0,12,1768.1666666666667,1754.5,729.0833333333334,2.42519145045148,1.0,1000.0,10.0,1779.9,1737.9,0.024167098221992058,1.0,1.0
2026-04-04,UDR,Denver,2.0,5,2576.6,2667.0,1138.0,2.26414762741652,1.0,1000.0,5.0,2576.6,2579.6,-0.0011629710032563189,1.0,1.0
2026-04-04,UDR,Inland Empire,1.0,20,2123.65,2121.0,741.7,2.863219630578401,1.0,,17.0,2097.4117647058824,2099.764705882353,-0.0011205737337517444,1.0,1.0
2026-04-04,UDR,Inland Empire,2.0,11,2714.6363636363635,2744.0,1092.090909090909,2.4857237992175145,1.0,,9.0,2772.5555555555557,2783.6666666666665,-0.003991537939568025,1.0,1.0
2026-04-04,UDR,Inland Empire,3.0,3,3403.3333333333335,3418.0,1238.0,2.749057619816909,1.0,,3.0,3403.3333333333335,3385.0,0.005416051206302359,1.0,1.0
2026-04-04,UDR,Los Angeles,0.0,13,2412.5384615384614,2189.0,477.15384615384613,5.056101886184105,1.0,1.8463,11.0,2248.090909090909,2293.5454545454545,-0.019818462880019046,1.0,1.0
2026-04-04,UDR,Los Angeles,1.0,36,3041.0555555555557,2844.0,766.1944444444445,3.969038900772215,1.0,1.8463,29.0,3041.862068965517,3088.0689655172414,-0.01496303906023183,1.0,1.0
2026-04-04,UDR,Los Angeles,2.0,35,5283.085714285714,4209.0,1337.1142857142856,3.951110066454411,1.0,1.8463,34.0,5308.117647058823,5335.470588235294,-0.00512662205219226,1.0,1.0
2026-04-04,UDR,Los Angeles,3.0,2,5011.0,5011.0,1597.0,3.137758296806512,1.0,,2.0,5011.0,5031.0,-0.0039753528125621145,1.0,1.0
2026-04-04,UDR,Miami/Fort Lauderdale,1.0,6,1742.5,1716.5,771.0,2.2600518806744487,1.0,1000.0,5.0,1756.4,1752.8,0.002053856686444624,1.0,1.0
2026-04-04,UDR,Miami/Fort Lauderdale,2.0,18,2026.9444444444443,2048.0,1107.4444444444443,1.8302899568576303,1.0,1000.0,17.0,2019.764705882353,2074.294117647059,-0.026288177409749692,1.0,1.0
2026-04-04,UDR,Miami/Fort Lauderdale,3.0,15,2348.866666666667,2307.0,1484.0,1.582794249775382,1.0,1000.0,12.0,2358.9166666666665,2409.0,-0.02079009270790099,1.0,1.0
2026-04-04,UDR,Nashville,0.0,4,1143.5,1158.5,620.0,1.8443548387096773,1.0,750.0,4.0,1143.5,1143.5,0.0,1.0,1.0
2026-04-04,UDR,Nashville,1.0,87,1356.7356321839081,1349.0,699.4597701149426,1.9396907301201256,1.0,870.253164556962,75.0,1369.2533333333333,1370.56,-0.0009533815861156135,1.0,1.0
2026-04-04,UDR,Nashville,2.0,74,1521.5945945945946,1479.5,1045.4054054054054,1.455506721820062,1.0,827.4647887323944,67.0,1531.4776119402984,1533.2686567164178,-0.0011681219519317839,1.0,1.0
2026-04-04,UDR,Nashville,3.0,21,2022.2857142857142,1990.0,1229.0,1.645472509589678,1.0,821.4285714285714,20.0,2038.95,2041.75,-0.0013713725970368334,1.0,1.0
2026-04-04,UDR,New York,0.0,102,4241.333333333333,4188.5,537.4411764705883,7.891716375709151,1.0,1200.0,84.0,4254.6547619047615,4257.4047619047615,-0.0006459334157294574,1.0,1.0
2026-04-04,UDR,New York,1.0,108,5372.388888888889,5209.5,684.7129629629629,7.846191293999919,1.0,1200.0,95.0,5397.894736842105,5433.505263157895,-0.006553877210214246,1.0,1.0
2026-04-04,UDR,New York,2.0,16,8221.375,7735.5,1081.75,7.600069332100762,1.0,1200.0,13.0,8032.692307692308,8149.2307692307695,-0.014300547479705536,1.0,1.0
2026-04-04,UDR,New York,3.0,4,9931.5,8636.5,1710.0,5.807894736842106,1.0,1200.0,3.0,10418.666666666666,10418.666666666666,0.0,1.0,1.0
2026-04-04,UDR,Orange County,0.0,39,2154.076923076923,2105.0,488.43589743589746,4.410152763924615,1.0,500.0,32.0,2182.375,2222.5625,-0.01808160625404235,1.0,1.0
2026-04-04,UDR,Orange County,1.0,133,2574.248120300752,2461.0,711.7293233082706,3.616892034650328,1.0,500.0,107.0,2578.878504672897,2569.663551401869,0.003586054394553337,1.0,1.0
2026-04-04,UDR,Orange County,2.0,117,3201.2393162393164,3030.0,1046.854700854701,3.057959536911546,1.0,500.0,98.0,3199.081632653061,3218.938775510204,-0.0061688476364373515,1.0,1.0
2026-04-04,UDR,Orange County,3.0,19,4397.0,4250.0,1506.3684210526317,2.918940637993082,1.0,500.0,16.0,4228.625,4267.0,-0.008993438012655262,1.0,1.0
2026-04-04,UDR,Orlando,1.0,77,1418.142857142857,1394.0,743.3896103896104,1.9076710749288097,1.0,552.9268292682926,68.0,1416.9411764705883,1432.0882352941176,-0.010576903329157247,1.0,1.0
2026-04-04,UDR,Orlando,2.0,101,1671.4851485148515,1652.0,1070.079207920792,1.5620200225762877,1.0,589.8387096774194,87.0,1692.1494252873563,1713.7011494252874,-0.012576127491750133,1.0,1.0
2026-04-04,UDR,Orlando,3.0,39,1944.7179487179487,1867.0,1280.5384615384614,1.518672032998939,1.0,598.2142857142857,33.0,1977.7878787878788,2001.7272727272727,-0.011959368424239699,1.0,1.0
2026-04-04,UDR,Philadelphia,0.0,33,1584.7878787878788,1519.0,491.09090909090907,3.227076391459953,1.0,564.375,30.0,1577.2666666666667,1576.1333333333334,0.0007190593012434726,1.0,1.0
2026-04-04,UDR,Philadelphia,1.0,113,2553.5132743362833,2215.0,830.3893805309734,3.0750793955282734,1.0,233.71830985915494,102.0,2525.774509803922,2539.5098039215686,-0.005408639925877227,1.0,1.0
2026-04-04,UDR,Philadelphia,2.0,76,3413.1710526315787,2994.5,1241.1842105263158,2.7499310929714826,1.0,425.54716981132077,63.0,3372.8571428571427,3395.8571428571427,-0.0067729586470909936,1.0,1.0
2026-04-04,UDR,Philadelphia,3.0,2,4822.5,4822.5,1468.5,3.2839632277834525,1.0,2.0,2.0,4822.5,4822.5,0.0,1.0,1.0
2026-04-04,UDR,Portland,1.0,9,1484.5555555555557,1489.0,644.0,2.3052104899930987,1.0,500.0,7.0,1495.4285714285713,1502.0,-0.004375118889100312,1.0,1.0
2026-04-04,UDR,Portland,2.0,13,1819.2307692307693,1799.0,917.6923076923077,1.9823973176865046,1.0,615.3846153846154,12.0,1816.75,1821.6666666666667,-0.0026989935956084586,1.0,1.0
2026-04-04,UDR,Portland,3.0,2,2089.0,2089.0,1177.0,1.7748513169073916,1.0,1000.0,2.0,2089.0,2129.0,-0.018788163457022077,1.0,1.0
2026-04-04,UDR,Richmond,1.0,17,1501.4117647058824,1467.0,752.1176470588235,1.996245893946504,1.0,882.3529411764706,15.0,1496.8666666666666,1518.6,-0.014311427191711676,1.0,1.0
2026-04-04,UDR,Richmond,2.0,61,1755.7704918032787,1746.0,1082.9344262295083,1.6213082244660075,1.0,926.2295081967213,56.0,1746.9642857142858,1802.0357142857142,-0.0305606754266008,1.0,1.0
2026-04-04,UDR,Richmond,3.0,5,1934.2,1950.0,1158.6,1.6694286207491802,1.0,1100.0,5.0,1934.2,1956.2,-0.011246293834986197,1.0,1.0
2026-04-04,UDR,Salinas/Monterey,0.0,7,1940.7142857142858,1869.0,416.2857142857143,4.6619766643788605,1.0,,6.0,1953.5,1965.3333333333333,-0.006021031207598333,1.0,1.0
2026-04-04,UDR,Salinas/Monterey,1.0,55,2108.581818181818,2087.0,648.8363636363637,3.24978983354817,1.0,,48.0,2098.4583333333335,2150.1041666666665,-0.024020154062303043,1.0,1.0
2026-04-04,UDR,Salinas/Monterey,2.0,33,2549.030303030303,2553.0,812.3333333333334,3.1379117394710336,1.0,,30.0,2554.133333333333,2614.5,-0.02308918212532675,1.0,1.0
2026-04-04,UDR,Salinas/Monterey,3.0,2,3515.5,3515.5,1310.0,2.683587786259542,1.0,,2.0,3515.5,3515.5,0.0,1.0,1.0
2026-04-04,UDR,San Diego,0.0,5,2579.2,2601.0,578.8,4.45611610228058,1.0,,3.0,2560.0,2630.0,-0.026615969581749048,1.0,1.0
2026-04-04,UDR,San Diego,1.0,21,2828.904761904762,2657.0,858.047619047619,3.2969088184693933,1.0,,21.0,2828.904761904762,2885.8571428571427,-0.019734996617329102,1.0,1.0
2026-04-04,UDR,San Diego,2.0,10,3670.9,3350.5,1202.4,3.052977378576181,1.0,,8.0,3625.375,3683.375,-0.015746428207825704,1.0,1.0
2026-04-04,UDR,San Francisco-East Bay,0.0,40,3868.925,4188.0,494.85,7.818379306860665,1.0,,34.0,3785.323529411765,3791.5588235294117,-0.0016445199475614773,1.0,1.0
2026-04-04,UDR,San Francisco-East Bay,1.0,122,3360.655737704918,3022.5,721.1803278688525,4.659938170576468,1.0,500.0,99.0,3381.2929292929293,3394.4242424242425,-0.00386849497690807,1.0,1.0
2026-04-04,UDR,San Francisco-East Bay,2.0,77,4697.415584415585,4019.0,1043.051948051948,4.503529851210858,1.0,500.0,61.0,4592.950819672131,4591.918032786885,0.00022491405070196871,1.0,1.0
2026-04-04,UDR,San Francisco-East Bay,3.0,7,4353.857142857143,4225.0,1221.2857142857142,3.5649783600421108,1.0,500.0,5.0,4407.4,4392.0,0.0035063752276866204,1.0,1.0
2026-04-04,UDR,Seattle,0.0,12,2038.3333333333333,2143.0,467.0833333333333,4.363960749330954,1.0,875.125,6.0,1977.3333333333333,1980.6666666666667,-0.0016829350387075823,1.0,1.0
2026-04-04,UDR,Seattle,1.0,67,2402.4776119402986,2255.0,737.5223880597015,3.257497875096127,1.0,588.6470588235294,55.0,2439.072727272727,2470.7454545454543,-0.01281909765915323,1.0,1.0
2026-04-04,UDR,Seattle,2.0,51,3068.823529411765,2708.0,1124.450980392157,2.7291750222330724,1.0,125.875,41.0,3125.317073170732,3128.0975609756097,-0.0008888750272899413,1.0,1.0
2026-04-04,UDR,Seattle,3.0,4,2943.75,2864.5,1302.0,2.2609447004608296,1.0,,4.0,2943.75,2953.75,-0.0033855268726195515,1.0,1.0
2026-04-04,UDR,Tampa,0.0,5,1916.6,1921.0,485.6,3.946869851729818,1.0,,4.0,1859.25,1880.5,-0.011300186120712576,1.0,1.0
2026-04-04,UDR,Tampa,1.0,162,1814.6358024691358,1734.0,774.3024691358024,2.3435748622814643,1.0,789.4736842105264,145.0,1810.5448275862068,1869.9862068965517,-0.03178706831693398,1.0,1.0
2026-04-04,UDR,Tampa,2.0,133,2081.0,1819.0,1139.9248120300751,1.8255590000659587,1.0,793.3333333333334,118.0,2044.2542372881355,2094.8474576271187,-0.02415126703129558,1.0,1.0
2026-04-04,UDR,Tampa,3.0,13,2194.230769230769,1975.0,1367.0,1.6051432108491361,1.0,600.0,11.0,2249.7272727272725,2298.0,-0.021006408734868354,1.0,1.0
2026-04-04,UDR,"Washington, DC",0.0,28,1970.4285714285713,2007.0,544.3214285714286,3.6199724427531,1.0,400.04616,27.0,1976.851851851852,1969.5925925925926,0.003685665394234613,1.0,1.0
2026-04-04,UDR,"Washington, DC",1.0,376,2093.4574468085107,2010.5,759.7898936170212,2.75531099373077,1.0,1486.063694623656,329.0,2105.51367781155,2110.644376899696,-0.002430868574687227,1.0,1.0
2026-04-04,UDR,"Washington, DC",2.0,270,2430.9444444444443,2340.0,1080.5592592592593,2.2497095125637956,1.0,1313.593576119403,229.0,2431.7248908296942,2437.759825327511,-0.002475606675897997,1.0,1.0
2026-04-04,UDR,"Washington, DC",3.0,21,3123.714285714286,2849.0,1362.095238095238,2.2933156201929803,1.0,1609.0,15.0,3232.2,3206.8,0.007920668579268939,1.0,1.0
